date,sampleType,PTotal,NTotal,TSS,NTU,NTULab,height,flow,temp,EC,turbidity,quantileFlow,eventDirection,eventDistance,df50,df75,df90,df95,df99
2/14/1994 16:04,R,0.017,0.57,3,4.68,4.68,0.537,271.097,26.45,NA,54.5,0,0,0,48.66547677,21.72866219,8.754900728,8.159610838,17.79408791
3/16/1994 9:51,R,0.005,0.36,2,0.88,0.88,0.534,266.34075,19.975,NA,46.775,0,0,0,302.7497234,233.7580792,151.2700831,115.2504841,69.89482667
4/13/1994 15:41,,0.1,1.5,57,105,105,0.385,79.8055,15,NA,46.125,0,0,0,53.68961138,50.40351397,64.87176572,82.67546804,87.60951786
4/17/1994 15:25,,0.05,0.82,7,36.8,36.8,1.20875,3152.2965,15.05,NA,20.875,1,2,704,5338.599056,4534.182754,2457.662485,1409.58916,585.5929304
5/19/1994 10:53,,0.005,0.39,1,0.54,0.54,0.425,118.19675,12.425,NA,44.175,0,0,0,124.8722166,125.5367304,249.3184525,470.1862695,569.6988795
6/20/1994 12:17,,0.005,0.23,1,1.91,1.91,0.44725,145.5835,10.825,NA,37.775,0,0,0,176.8896876,216.0672185,214.0677287,243.0418643,466.1451283
8/9/1994 10:18,,0.003,0.24,1,1.11,1.11,0.393,85.605,8,NA,42.125,0,0,0,89.05938174,90.18616428,96.28173065,107.1281041,123.2047408
9/26/1994 13:02,,0.005,0.25,1,0.71,0.71,0.27625,28.876,18.25,NA,49.25,0,0,0,30.33245778,32.80794362,39.95702199,50.37425949,71.64599392
11/3/1994 15:05,,0.003,0.22,1,0.9,0.9,0.203,11.24,20.2,NA,49.55,0,0,0,9.861497581,9.543644049,11.59462135,17.11965793,31.66365436
12/14/1994 10:40,,0.13,0.35,1,1.41,1.41,0.216,13.643,27.5,NA,50.65,0,0,0,15.57351672,17.94954741,22.61835261,23.28819247,21.72427218
1/24/1995 14:03,,0.01,0.31,1,5.4,5.4,NA,NA,25.15,NA,35.95,NA,0,NA,1.160234772,14.80280942,39.89378415,40.81644843,32.55853728
3/8/1995 15:53,,0.01,0.33,1,2.86,2.86,0.81275,943.2535,25.3,NA,16.525,1,2,6090,841.0444882,609.2456192,376.3941163,260.9387297,144.441979
4/20/1995 14:07,,0.01,0.33,1,1.17,1.17,0.563,313.404,18.125,NA,14.375,0,0,0,324.4230156,322.4227064,299.3485434,279.1255093,251.1442085
5/31/1995 11:37,,0.02,0.75,1,8.39,8.39,0.699,600.449,11.3,NA,20,1,2,1529,684.8921866,815.8556321,987.2529849,862.7383085,580.9269701
7/13/1995 9:41,,0.004,0.23,1,0.96,0.96,0.505,224.679,8.15,NA,29.5,0,0,0,234.4868399,229.024665,253.9269078,355.057561,525.7006326
8/21/1995 14:00,,0.01,0.43,1,1.23,1.23,0.42,111.901,16.175,NA,42.4,0,0,0,125.089001,146.2056596,228.3213303,314.6592577,394.6866107
9/25/1995 9:41,,0.14,1.3,217,241,241,0.6365,460.16125,15.7,NA,35.75,0,0,0,151.2963384,118.3735402,94.1304518,117.4940124,226.0730995
10/4/1995 11:57,,0.02,0.69,5,7.1,7.1,0.73125,693.635,16.3,NA,39.575,0,0,0,1069.329206,2439.938897,2890.324826,2128.067713,1132.718637
11/13/1995 12:56,,0.009,0.6,1,1.03,1.03,0.42525,118.22,23.275,NA,NA,0,0,0,145.1802619,139.9003789,214.5537423,504.4901034,897.2578194
12/28/1995 9:39,,0.15,0.38,1,1.11,1.11,0.404,95.218,NA,NA,NA,0,0,0,104.7292525,159.6173723,465.4943362,605.4417193,574.3075019
2/9/1996 13:09,,0.01,0.47,1,1.64,1.64,0.464,168.315,NA,NA,NA,0,0,0,159.9883314,199.4215076,330.1520506,414.3038858,539.0865089
3/20/1996 16:00,,0.009,0.42,1,2.68,2.68,0.35,60.079,23.7,NA,33.85,0,0,0,75.67366098,115.6052781,167.3675014,192.3907091,261.4564204
5/1/1996 14:35,,0.006,0.36,1,2.03,2.03,0.279,29.771,17.775,NA,41.2,0,0,0,31.17251039,34.88254452,36.25044978,46.53976638,81.03427306
5/5/1996 16:51,,0.05,0.52,10,14.5,14.5,0.39125,84.24375,18.275,NA,38.2,0,0,0,51.26378897,42.23731641,38.39398077,45.26177682,75.63416463
5/8/1996 12:34,,0.03,0.74,20,NA,NA,1.20425,3117.08475,16.675,NA,22.9,1,2,1435,3348.629967,2079.775555,949.6840541,522.5205354,243.4985817
6/11/1996 16:43,,0.009,0.36,1,0.73,0.73,0.46,162.662,10.525,NA,29.75,0,0,0,166.4282956,172.8945523,236.308612,325.7276522,330.0525516
7/24/1996 16:37,,0.006,0.27,1,0.95,0.95,0.525,253.075,10.6,NA,37.075,0,0,0,252.2012265,252.6653107,257.9166895,264.0298072,355.1680616
7/28/1996 10:19,,0.04,0.41,4,10.2,10.2,0.63625,459.8125,10.15,NA,31.325,0,0,0,266.7189445,256.1569411,256.7414743,262.4774194,355.1512244
8/7/1996 9:52,,0.006,0.4,1,NA,NA,0.62675,439.3295,10.05,NA,54.475,0,0,0,591.7615715,777.5151001,718.4535724,559.768149,373.1943048
9/1/1996 9:07,,0.2,1.52,105,104,104,2.69725,23211.8535,10,NA,30.35,1,1,675,2064.634899,987.2929632,546.544491,473.6658145,403.3182681
9/3/1996 13:49,,0.06,0.86,15,23.4,23.4,1.6,6180,10.6,NA,16.325,1,1,675,9724.584092,6890.142112,3410.842621,2006.376871,962.9972051
9/10/1996 16:15,,0.04,0.79,4,11.2,11.2,0.785,766.75,14.3,NA,31.75,0,0,0,1074.68774,2098.216695,2522.239798,1965.566679,1124.893898
10/16/1996 13:08,,0.009,0.51,1,1.38,1.38,0.59025,328.2405,23.85,NA,47.625,0,0,0,426.5283493,529.0952577,692.5104332,877.5222638,1080.470553
10/18/1996 11:28,,0.11,1.18,NA,55.3,55.3,0.69275,532.7645,21,NA,43.625,0,0,0,411.9770229,469.3294835,635.3671909,830.9000466,1069.022212
10/18/1996 12:37,,0.16,1.84,NA,68.1,68.1,0.693,533.629,21.45,NA,43.7,0,0,0,415.4402187,470.0956251,634.9217366,830.274322,1068.892723
11/27/1996 15:38,,0.006,0.37,1,1.24,1.24,0.52425,222.879,27.825,NA,30.95,0,0,0,256.0973212,284.5681901,421.321937,586.5930201,763.2533836
1/8/1997 12:31,,0.007,0.4,1,0.75,0.75,0.202,6.737,27.5,NA,38.425,0,0,0,12.58316804,18.31564656,32.15253065,93.92455084,343.0159322
2/13/1997 13:28,,0.03,0.36,5,4.82,4.82,0.783,761.1,24.9,NA,29.2,0,0,0,215.7416968,126.1253695,89.44496387,68.82811952,63.86552698
2/17/1997 13:01,,0.008,0.22,1,3.21,3.21,0.4275,110.335,27.65,NA,17.825,0,0,0,201.1604829,214.3603224,157.5071276,111.262004,73.60753232
4/7/1997 12:35,,0.01,0.38,3,1.54,1.54,0.201,6.598,24.6,NA,NA,0,0,0,7.492020701,9.422777003,22.78953433,42.4009309,64.08122898
5/16/1997 10:24,,0.03,0.38,1,1.51,1.51,0.165,3.437,12.025,NA,33.5,0,0,0,3.573153432,3.032333367,2.613445787,6.328874187,22.09027729
5/18/1997 13:02,,0.008,2.16,1,1.9,1.9,0.28675,24.2675,13.775,NA,32.625,0,0,0,6.188311682,4.513510877,3.286535493,6.23849384,21.24912983
6/24/1997 14:32,,0.01,0.24,1,0.8,0.8,0.407,93.001,10.75,NA,28.3,0,0,0,91.60647056,84.14298221,75.09644521,65.52427612,42.42783034
6/27/1997 14:10,,0.009,1.31,3,3.9,3.9,0.5215,218.925,10.6,NA,24.6,0,0,0,127.2996772,105.0428787,85.83918608,72.44521932,46.6657208
6/27/1997 9:21,,0.01,1.07,5,5.5,5.5,0.53175,233.439,10.725,NA,24.7,0,0,0,135.7061749,109.4047244,87.70627632,73.46248565,47.10516366
6/27/1997 12:02,,0.13,1.98,274,506,506,0.53175,233.439,10.725,NA,24.7,0,0,0,135.7061749,109.4047244,87.70627632,73.46248565,47.10516366
6/27/1997 16:06,,0.08,1.41,104,272,272,0.53675,240.32575,10.9,NA,24.775,0,0,0,138.6844913,110.9646746,88.37496717,73.82573013,47.2602723
6/27/1997 13:21,,0.1,1.83,169,470,470,0.53675,240.32575,10.9,NA,24.775,0,0,0,138.6844913,110.9646746,88.37496717,73.82573013,47.2602723
6/27/1997 13:34,,0.009,14.8,1,2,2,0.60125,379.198,11.15,NA,24.85,0,0,0,145.5314443,114.1607283,89.64913847,74.48886913,47.51782925
6/27/1997 12:28,,0.26,2.64,495,538,538,1.81825,9634.51125,10.875,NA,23.375,1,1,5472,415.6642907,227.5976089,131.4659377,95.1890628,54.60680429
6/27/1997 15:04,,0.01,0.9,4,7.3,7.3,2.56625,20429.03375,10.275,NA,20.525,1,1,5472,985.4060933,468.3017608,220.3911611,139.2160403,69.66045562
6/28/1997 12:01,,0.23,2.33,549,450,450,3.5705,47227.38025,10.35,NA,33.675,1,1,5472,13511.24145,6398.047899,2532.114703,1302.385714,472.1431785
6/28/1997 14:39,,0.13,1.9,196,409,409,3.58275,47638.31425,10.5,NA,33.575,1,1,5472,15414.09814,7369.62324,2924.500568,1501.91101,541.7191331
6/28/1997 15:02,,0.23,0.3,334,362,362,3.60425,48395.9605,10.575,NA,34.1,1,1,5472,16353.02778,7858.460253,3123.71635,1603.485298,577.2119238
6/28/1997 13:57,,0.31,3.36,503,538,538,3.60425,48395.9605,10.575,NA,34.1,1,1,5472,16353.02778,7858.460253,3123.71635,1603.485298,577.2119238
6/28/1997 13:22,,0.32,3.08,379,349,349,3.6495,49993.0015,10.65,NA,35.35,1,1,5472,17310.69257,8360.501739,3329.056241,1708.30045,613.8686679
6/28/1997 10:24,,0.32,3.03,508,486,486,3.68575,51302.38275,10.7,NA,37.125,1,1,5472,18278.37004,8872.16284,3539.233157,1815.72674,651.4765512
6/29/1997 9:25,,0.27,2.36,474,431,431,2.96375,29112.976,10.3,NA,24.25,1,2,5472,27930.1603,15455.49908,6546.411731,3400.772869,1219.48918
6/29/1997 10:48,,0.15,2.02,249,216,216,2.96375,29112.976,10.3,NA,24.25,1,2,5472,27930.1603,15455.49908,6546.411731,3400.772869,1219.48918
6/29/1997 9:40,,0.12,1.98,190,190,190,2.96375,29112.976,10.3,NA,24.25,1,2,5472,27930.1603,15455.49908,6546.411731,3400.772869,1219.48918
6/29/1997 9:56,,0.18,1.95,283,329,329,2.90275,27649.55625,10.3,NA,20.875,1,2,5472,27922.17204,15600.79371,6638.870568,3453.375647,1239.38507
6/30/1997 11:30,,0.1,1.85,140,136,136,1.85,9006.09975,10.625,NA,15.075,1,2,5472,21564.20097,15643.68995,7578.460681,4097.565274,1511.999487
6/30/1997 10:18,,0.11,1.98,149,184,184,1.82125,8651.96025,10.75,NA,15,1,2,5472,21196.61452,15560.38209,7583.168863,4107.549194,1517.750636
6/30/1997 11:34,,0.1,1.85,110,156,156,1.82125,8651.96025,10.75,NA,15,1,2,5472,21196.61452,15560.38209,7583.168863,4107.549194,1517.750636
6/30/1997 12:08,,0.09,1.82,93,134,134,1.79725,8366.588,10.9,NA,15,1,2,5472,20831.36856,15474.6666,7586.606184,4116.893947,1523.288746
7/1/1997 15:09,,0.08,1.79,37,97.7,97.7,1.352,3913.335,11.2,NA,26.275,1,2,5472,12415.86764,12701.46666,7355.279512,4200.93247,1616.197644
7/1/1997 15:28,,0.08,1.84,76,80.1,80.1,1.352,3913.335,11.2,NA,26.275,1,2,5472,12415.86764,12701.46666,7355.279512,4200.93247,1616.197644
7/2/1997 9:10,,0.07,1.76,61,65.6,65.6,1.2255,2971.8655,10.55,NA,28.4,1,2,5472,8753.370303,10897.28549,7055.994271,4173.236193,1649.324777
7/4/1997 14:21,,0.06,1.4,10,NA,NA,0.987,1574.449,10.7,NA,29.25,1,2,5472,3453.845898,6748.902682,6030.552858,3957.42622,1695.760537
7/21/1997 16:38,,0.02,0.89,1,11.1,11.1,0.54,245.447,9.45,NA,26.575,0,0,0,271.2914069,372.2271293,1367.639158,1946.771393,1583.573278
8/8/1997 10:00,,0.02,0.67,3,3.83,3.83,0.50175,193.03825,10.95,NA,26.2,0,0,0,246.9299185,281.2198346,439.6367809,941.4005097,1397.337961
9/18/1997 16:36,,0.01,0.59,1,4.05,4.05,0.532,233.794,16,NA,43.45,0,0,0,274.394296,397.0522547,542.6148942,574.9182763,1169.260621
9/26/1997 13:25,,0.02,4.2,9,NA,NA,0.92,1263.43675,16.05,NA,36.475,1,1,357,459.8530892,356.4462388,407.7058037,429.1290129,400.7338152
10/1/1997 12:22,,0.02,0.78,5,NA,NA,0.86975,1057.924,16.975,NA,27.425,1,2,357,1430.764323,1502.231017,1108.251007,834.646706,544.6597637
10/28/1997 9:21,,0.01,0.48,4,1.7,1.7,0.396,83.75125,23.325,NA,40.775,0,0,0,97.42579374,133.4784041,300.4175728,453.5330295,522.9121914
3/3/1998 11:06,,0.01,0.55,1,NA,NA,0.108,1.115,31.575,NA,NA,0,0,0,1.418625868,1.590560152,1.67801667,1.458923522,0.902252785
3/3/1998 16:15,,0.01,0.56,1,3.11,3.11,0.108,1.115,27.375,NA,NA,0,0,0,1.377799288,1.562895346,1.665791138,1.455182508,0.90178972
5/25/1998 15:53,,0.01,0.3,1,0.85,0.85,0.531,232.00975,13.975,NA,NA,0,0,0,327.5022414,279.8671316,183.5807676,120.1811707,53.84053667
6/23/1998 15:06,,0.01,0.53,4,NA,NA,0.596,367.66675,10.575,NA,NA,0,0,0,111.4569259,102.3497991,109.3943742,112.0607208,89.50436968
6/30/1998 12:29,,0.01,1.19,4,NA,NA,0.814,855.32275,8.8,NA,NA,1,2,759,1356.448662,1590.279668,1137.368038,737.231652,347.7869382
7/9/1998 11:07,,0.01,0.76,1,5.11,5.11,0.58725,322.61225,9.35,NA,NA,0,0,0,322.7985593,461.8649383,697.6975003,628.3222281,386.1367143
7/26/1998 11:08,,0.01,0.64,2,8.32,8.32,0.91125,1225.1375,10.4,NA,57.95,0,0,0,1224.436578,875.8597441,620.5973558,571.7158721,455.0517062
8/1/1998 16:17,,0.03,1.02,5,14.6,14.6,1.23925,3068.1725,8.3,NA,58.025,1,2,5,3185.368481,2411.29274,1486.977963,1060.953631,665.1364351
8/7/1998 11:45,,0.02,1.21,5,14.7,14.7,1.26125,3229.66225,9.5,NA,39.375,1,1,111,1307.871978,1495.425882,1423.422978,1146.254197,760.717726
8/7/1998 15:12,,2.28,11.3,7080,1000,1000,1.417,4445.10625,9.5,NA,37.575,1,1,111,1466.405442,1557.830249,1447.076052,1159.216951,766.1208097
8/7/1998 13:56,,1.47,6.78,2400,1000,1000,1.73825,7692.26325,9.6,NA,37.1,1,1,111,1754.974644,1677.238018,1492.080848,1182.786604,775.1570187
8/8/1998 9:37,,1.25,5.56,1170,663,663,6.9605,206330.444,10.05,NA,24.875,1,1,111,25243.97003,12091.50163,5439.242137,3161.831124,1463.337569
8/10/1998 11:12,,0.08,1.42,67,92.4,92.4,2.46525,18452.5405,10.5,NA,16.925,1,2,111,54942.80482,41924.96057,21193.90944,11838.86612,4691.180415
8/14/1998 13:04,,0.03,1.4,8,21.8,21.8,1.233,3024.0825,11.2,NA,41.5,1,2,111,7557.412789,16873.58412,15997.20793,10854.42746,4971.567678
8/18/1998 16:32,,0.16,1.76,621,214,214,3.83925,57061.96175,10.9,NA,7.2,1,2,111,32091.58276,21825.41353,17296.5907,12352.28409,6016.292519
8/21/1998 9:54,,0.04,1.25,25,48.6,48.6,2.5,19105.03925,11.4,NA,7,1,2,111,36698.99023,32175.01067,23542.2738,16390.1986,7897.487047
8/28/1998 13:29,,0.07,1.18,19,39.3,39.3,1.29325,3466.09175,11,NA,24.2,1,2,111,5355.000038,10094.98396,15320.94302,13967.29343,8407.607261
9/14/1998 13:03,,0.03,0.88,8,11.7,11.7,0.854,997.03325,15.8,NA,50.175,0,0,0,1028.979864,1392.983713,3949.153379,6904.486389,7602.830033
9/29/1998 11:24,,0.01,0.5,1,3.4,3.4,0.73825,640.784,19.775,NA,22.3,0,0,0,624.4839374,675.4294204,1398.124503,3615.03546,6602.893991
10/20/1998 14:07,,0.04,2.13,13,12.4,12.4,0.79575,798.37725,21.1,NA,56.375,0,0,0,311.3640285,328.2738229,464.5694385,1458.884755,5377.426854
10/22/1998 11:48,,0.02,1.02,4,6.4,6.4,0.82825,904.53525,18.8,NA,-57.925,0,0,0,780.1414534,582.5325943,547.886356,1408.304432,5274.533688
11/9/1998 12:37,,0.01,0.49,1,1.67,1.67,0.51925,216.20925,23.125,NA,-6.5,0,0,0,190.8139253,212.1290109,349.7970672,650.9132363,2390.392576
11/14/1998 10:36,,0.02,1.76,6,11.7,11.7,0.9175,1253.01425,23.15,NA,-15.25,0,0,0,388.615227,289.9412718,321.0617153,461.3883778,1009.294821
12/21/1998 12:47,,0.009,0.37,1,1.55,1.55,0.41975,103.392,27.4,NA,37.15,0,0,0,105.5237996,93.44359648,125.4470937,220.5354237,359.0075184
1/28/1999 15:30,R,0.013,0.49,1,NA,NA,0.07775,0.4715,NA,NA,NA,0,0,0,0.683791327,0.852833047,5.372599723,32.29490418,139.4233086
1/29/1999 12:58,,0.01,0.49,1,2.4,2.4,0.12625,1.6925,NA,NA,NA,0,0,0,0.878924774,0.905991253,4.992467397,30.82145599,137.0970886
2/23/1999 14:10,,0.01,0.42,1,1.6,1.6,0.225,9.9935,27.5,NA,36.825,0,0,0,12.65147833,17.78960098,22.12739916,22.04254778,29.68821619
3/22/1999 14:04,,0.008,0.38,1,1.9,1.9,0.15925,3.13125,23.95,NA,40.775,0,0,0,3.08158488,3.114027361,5.245589783,8.638171023,11.63940867
4/21/1999 13:27,,0.005,0.27,3,1.4,1.4,0.2995,28.66425,NA,NA,NA,0,0,0,31.03428621,32.78579403,27.72811004,20.97094601,16.36044901
5/20/1999 9:19,,0.004,0.24,1,0.81,0.81,0.3275,39.99925,11.55,NA,NA,0,0,0,35.15931604,32.98460058,29.67820757,26.67093386,19.90540434
6/17/1999 15:12,,0.002,0.2,1,1,1,0.39575,83.444,10.5,NA,39.7,0,0,0,83.18961928,71.7329929,53.58482158,43.58695171,33.00582159
7/13/1999 11:55,,0.002,0.22,1,1,1,0.42725,110.2135,12.65,NA,38,0,0,0,113.6066879,121.0682917,113.8556307,94.48475895,64.08264594
7/16/1999 11:19,,0.03,1.89,20,16.4,16.4,0.87,1057.95975,12.3,NA,40.125,1,1,5823,412.703533,263.0652098,172.0409831,126.8926963,77.70702363
7/17/1999 12:05,,0.02,0.87,7,6.2,6.2,0.9985,1631.562,11.85,NA,41.05,1,2,5823,1136.60088,665.8124353,343.022505,216.0923207,110.0004129
7/22/1999 13:11,,0.009,0.44,3,8.4,8.4,0.641,421.589,11.525,NA,24.2,0,0,0,599.9685295,709.4105128,535.6832704,360.545488,178.573415
8/12/1999 10:13,,0.01,0.41,1,3.8,3.8,0.46325,147.0825,11.45,NA,26.8,0,0,0,145.5729202,158.2823245,219.1121168,251.5887265,208.9261926
9/9/1999 14:50,,0.005,0.35,1,0.8,0.8,0.45075,133.494,17.6,NA,59.65,0,0,0,134.7094513,142.6671212,172.1574349,204.1718256,237.2114568
10/5/1999 12:05,,0.006,0.25,1,2,2,0.63725,413.966,19,NA,46.275,0,0,0,336.4631929,325.7293106,273.3539576,241.6534312,257.4472365
10/24/1999 10:09,,0.11,1.33,74,108,108,2.28575,15350.94625,15.925,NA,29.825,1,1,2325,1290.689621,745.5273624,456.2099078,356.280069,267.3787811
10/26/1999 16:35,,0.07,1.2,33,40.4,40.4,2.95125,28799.3965,14.8,NA,25.875,1,2,2325,25177.31589,15669.68896,7172.482777,3890.88901,1534.275312
11/8/1999 14:25,,0.03,0.51,2,4.2,4.2,0.794,791.79575,20.925,NA,22.3,0,0,0,941.6577371,1733.074441,3600.864786,3414.241183,2043.701486
12/2/1999 15:40,,0.01,0.41,2,1.6,1.6,0.419,102.8415,29.475,NA,29.5,0,0,0,124.7868901,159.9604877,534.7598496,1245.614938,1735.104688
12/28/1999 16:26,,0.03,1.22,3,6.3,6.3,0.512,206.36675,24.425,NA,31.2,0,0,0,116.0303253,90.83923306,102.9354498,376.6434462,1320.890351
12/31/1999 13:14,,0.03,1,7,14.2,14.2,1.10325,2192.9935,20.775,NA,25.65,1,2,1100,1651.675537,999.7286414,496.4542086,545.0814968,1352.730584
12/31/1999 10:18,,0.03,0.57,6,12.3,12.3,1.078,2047.28425,21.05,NA,26.55,1,2,1100,1688.334403,1038.377012,517.3616802,555.1359574,1355.29186
1/6/2000 14:24,,0.01,0.41,2,2.4,2.4,0.64525,430.297,25.05,NA,39.8,0,0,0,615.8214952,805.0218373,680.9869799,649.7942103,1360.69531
1/25/2000 11:06,,0.01,0.43,1,1.5,1.5,0.314,33.763,22.7,NA,41.3,0,0,0,42.11998682,62.71202262,177.0407822,265.1342527,347.7785418
2/23/2000 16:32,,0.009,0.48,3,0.6,0.6,0.11325,1.267,26.85,NA,42.9,0,0,0,1.623423085,2.604228416,14.43440467,62.49432636,160.6288313
3/9/2000 9:41,,0.06,2.79,29,73.7,73.7,0.20175,6.66025,19.65,NA,36.6,0,0,0,1.318268552,0.86101223,3.604067557,29.27663331,131.6894312
3/14/2000 16:42,,0.03,0.76,11,19.1,19.1,0.6315,402.5885,24.3,NA,21.625,0,0,0,708.5730409,782.0550788,496.7018997,312.5048279,236.1328839
3/20/2000 10:30,,0.1,1.67,14,22.5,22.5,1.05825,1939.561,25.2,NA,26.6,1,1,194,528.5617329,481.0545757,438.4598132,325.2267703,254.3234264
3/23/2000 10:59,,0.04,0.9,4,14,14,1.32675,3716.24375,18.05,NA,16.2,1,2,194,3727.683767,2545.064881,1390.782343,843.0008508,422.0450014
3/28/2000 16:01,,0.02,0.45,4,8.5,8.5,0.79775,803.828,22.2,NA,21.725,0,0,0,1376.488697,1893.441686,1628.359068,1125.269047,544.033671
4/6/2000 11:56,,0.01,1.14,5,12.1,12.1,1.04875,1889.1,19.5,NA,26.05,1,2,213,827.0231351,710.3753319,975.0277304,913.0718643,559.6068398
4/18/2000 16:12,,0.01,0.36,1,3.5,3.5,0.491,179.26725,20.6,NA,NA,0,0,0,202.2301238,281.4361138,538.2650875,684.442687,581.2943993
5/17/2000 16:26,,0.008,0.28,1,1.7,1.7,0.443,126.17075,15.1,NA,30.3,0,0,0,133.1254473,148.7160675,176.9762931,280.3974899,503.5145778
6/16/2000 11:33,,0.004,0.17,1,1.4,1.4,0.4,87,7.95,NA,32.225,0,0,0,87.14001488,88.54908416,97.76070892,124.3964153,231.4392318
7/2/2000 0:01,C,0.01,0.55,3,3.7,3.7,0.557,271.31275,9.9,NA,34.5,0,0,0,123.1082791,110.3436935,101.7693855,105.8928829,132.1386476
7/17/2000 14:30,R,0.01,0.35,1,2.7,2.7,0.55875,274.35725,9.45,NA,33.775,0,0,0,297.3402207,359.2297427,394.3182825,329.6237031,225.4242027
8/9/2000 13:30,R,0.006,0.3,1,1.1,1.1,0.514,208.98825,12.825,NA,41.75,0,0,0,219.933644,221.298058,238.3246563,258.3764223,237.097907
9/6/2000 9:00,R,0.006,0.26,1,1.2,1.2,0.56975,291.933,12.6,NA,50.1,0,0,0,286.164785,267.9517627,239.1433186,235.3749695,253.1774559
10/5/2000 11:30,R,0.006,0.29,1,0.8,0.8,0.446,128.789,20.875,NA,56.375,0,0,0,144.1209387,155.5585822,185.6222744,209.5572291,225.0803029
10/24/2000 15:10,C,0.02,0.86,8,9.8,9.8,0.6265,439.40925,22.45,NA,50.9,0,0,0,137.6836118,126.5002752,123.7659728,146.7464198,186.5455873
11/3/2000 9:00,R,0.007,0.37,1,3.3,3.3,0.4945,183.56125,20.25,NA,44.7,0,0,0,218.4799249,276.9262998,273.2806918,240.6078194,220.5566919
11/15/2000 8:45,C,0.04,1.15,18,26.6,26.6,0.5325,239.96625,19.4,NA,44.5,0,0,0,132.8892196,126.133811,164.5675394,186.3124557,204.0491998
11/17/2000 14:55,C,0.07,1.25,66,80.3,80.3,1.62075,6387.3575,17.675,NA,18.85,1,2,423,4349.093381,2493.563716,1167.589542,703.224826,385.8535538
11/21/2000 14:25,C,0.03,1.03,14,18,18,1.18875,2724.4785,19.6,NA,18.875,1,2,423,5033.757822,4863.227903,2946.255647,1784.051355,817.0381805
11/24/2000 9:30,A,0.02,0.58,3,7.9,7.9,0.929,1304.00975,21.475,NA,27.5,1,2,423,2207.142402,3208.872592,2688.44424,1810.098154,885.9872466
11/30/2000 16:00,R,0.02,0.58,7,4.8,4.8,0.62875,398.16475,26.975,NA,38.525,0,0,0,532.7211731,1032.78938,1712.718211,1504.934677,896.1110369
12/29/2000 10:20,R,0.01,0.5,1,1.5,1.5,0.30525,30.631,25.95,NA,38.4,0,0,0,35.8456602,48.00650051,169.6676786,441.241029,701.5643035
1/25/2001 9:00,R,0.01,0.66,2,3,3,0.05575,0.2465,NA,NA,NA,0,0,0,0.258691576,0.636680567,12.24137212,111.2426092,497.0033062
2/6/2001 4:30,C,0.03,1.03,18,22.4,22.4,0.39325,90.95625,24.8,NA,36.9,0,0,0,36.10483338,24.73179991,16.08259187,66.92595683,433.4474829
2/9/2001 11:00,A,0.02,0.7,5,6.3,6.3,1.17325,2623.47875,25.025,NA,43.6,1,2,1660,3694.179531,2658.640362,1297.267693,740.2933483,567.7945679
2/12/2001 13:00,A,0.02,0.71,1,5.5,5.5,0.803,819.33675,25.975,NA,32.575,1,2,1660,1469.922581,1864.952172,1320.176433,825.418598,459.4267245
2/23/2001 13:00,R,0.01,0.55,1,1.4,1.4,0.524,222.01175,28.15,NA,33,0,0,0,266.746274,375.3714913,658.42145,627.1989591,400.0676896
3/20/2001 10:20,R,0.01,0.38,1,2,2,0.45375,137.10725,23.5,NA,30.5,0,0,0,148.9243665,180.9746044,269.1768371,362.3844376,388.1069517
4/23/2001 11:30,R,0.006,0.33,1,1.4,1.4,0.362,59.75825,18.225,NA,30.95,0,0,0,48.27673442,43.13808482,52.2629539,108.3551657,306.8023545
5/15/2001 9:15,R,0.006,0.26,2,NA,NA,0.478,163.32925,14.925,NA,27.35,0,0,0,124.6709721,98.96065147,80.8768025,81.91544164,119.1976789
6/14/2001 10:35,R,0.004,0.23,2,NA,NA,0.38575,75.83075,12.525,NA,30.55,0,0,0,69.70123387,65.51168361,64.48457035,68.55726279,71.46633374
7/13/2001 9:36,R,0.004,0.19,2,5.1,5.1,0.40925,94.26525,11.25,NA,29.325,0,0,0,73.28066597,66.18703065,63.44035375,65.47816388,71.13038092
7/13/2001 10:55,R,0.004,0.19,NA,5.1,5.1,0.41075,95.727,11.425,NA,29.3,0,0,0,73.91966956,66.5390053,63.58181138,65.54404985,71.1545274
8/8/2001 13:08,R,0.007,0.42,NA,1.7,1.7,0.5455,253.31775,11.825,NA,29.725,0,0,0,276.3550852,328.9908816,342.8318372,289.2547716,189.0130276
8/8/2001 13:01,R,0.007,0.42,1,1.7,1.7,0.5455,253.31775,11.825,NA,29.725,0,0,0,276.3550852,328.9908816,342.8318372,289.2547716,189.0130276
9/2/2001 9:10,R,0.063,1.17,15,23.4,23.4,1.0475,1879.025,9.85,NA,39.375,1,2,679,3176.127377,2847.032583,1656.350068,1028.905084,511.0027652
9/3/2001 0:00,C,0.03,0.82,25,17.9,17.9,0.9645,1462.5055,10.4,NA,37.95,1,2,679,2633.599195,2648.764803,1655.731028,1049.129894,525.6830193
9/6/2001 0:00,C,0.031,0.68,7,14.3,14.3,0.7695,722.6565,12.475,NA,33.625,1,2,679,1118.804881,1673.836871,1476.201599,1044.360962,561.3714339
9/20/2001 10:06,W,0.026,0.7,3,6.1,6.1,0.727,613.4745,18,NA,39.1,1,2,164,930.5937815,1128.431792,1141.3954,1022.28001,700.861653
9/21/2001 0:00,C,0.024,0.69,6,6.2,6.2,0.704,558.87425,17.925,NA,39.2,0,0,0,808.9872473,1041.544567,1107.131331,1009.060251,702.3398882
10/9/2001 10:00,R,0.014,0.5,2,3.2,3.2,0.591,329.371,16.775,NA,25.075,0,0,0,385.2716649,383.8914079,451.2009791,595.1759758,657.828515
11/14/2001 13:59,R,0.006,0.39,1,1.4,1.4,0.4145,98.8045,22.775,NA,38,0,0,0,82.5199242,74.80679811,85.7888744,171.0426278,461.2627621
11/14/2001 16:54,R,0.006,0.39,NA,1.4,1.4,0.40625,91.8995,24,NA,38,0,0,0,83.45249033,75.47714268,85.89366498,170.5488398,460.8000138
11/27/2001 12:00,R,0.007,0.38,1,1.4,1.4,0.32475,38.57225,24.65,NA,37.6,0,0,0,44.75120001,53.36048699,66.68395887,105.8775416,248.6394853
2/6/2002 0:00,C,0.201,2.18,241,241,241,0.04,0.17,NA,NA,NA,0,0,0,0.065117547,0.03112826,0.113759975,1.859000785,11.58867182
2/10/2002 9:19,W,0.037,1.1,27,NA,NA,0.76475,709.79325,20.35,NA,26.05,1,2,2941,1213.902773,1122.270293,634.5039405,360.5344772,144.7386903
2/15/2002 12:38,W,0.024,0.53,11,13.1,13.1,0.59975,344.5775,25.6,NA,31.9,0,0,0,529.7916045,700.5678986,621.1130151,419.7980419,189.3090229
2/16/2002 0:00,C,0.078,1,121,86.4,86.4,0.5825,314.656,24.95,NA,29.7,0,0,0,466.2198054,648.6934378,605.3376409,417.2031944,190.9003621
2/17/2002 13:48,S,0.035,0.64,NA,16.4,16.4,0.78575,767.83125,26.25,NA,49.375,1,2,70,603.3946852,652.2858013,610.783177,433.0393744,203.2019793
2/17/2002 9:28,S,0.051,0.64,NA,7.3,7.3,0.7515,675.8595,27.175,NA,48.6,1,2,70,614.7058998,654.8724981,612.4728222,435.4582616,204.8957881
2/17/2002 15:55,S,0.062,0.76,NA,63.4,63.4,0.74,646.15275,27.05,NA,46.825,1,2,70,616.8542868,654.8291503,612.8285134,436.4230178,205.6586803
2/18/2002 14:34,S,0.25,1.06,NA,602,602,0.88425,1113.79075,25,NA,31.4,1,1,5,661.3929316,664.7327883,620.088509,448.484838,214.6237345
2/18/2002 14:00,S,0.26,1.04,NA,495,495,0.8795,1095.292,24.95,NA,31.675,1,2,5,673.7451963,669.8629874,622.1708027,449.8975984,215.3302136
2/18/2002 13:06,S,0.106,0.91,NA,204,204,0.8795,1095.292,24.95,NA,31.675,1,2,5,673.7451963,669.8629874,622.1708027,449.8975984,215.3302136
2/18/2002 16:57,S,0.27,1.07,NA,545,545,0.882,1105.8275,24.775,NA,31.425,1,1,5,697.3344324,679.9086386,626.2958224,452.7078941,216.7394603
2/19/2002 0:00,C,0.0535,0.595,98,146,146,0.98225,1550.14975,23.575,NA,32.875,1,2,5,855.8081623,751.3449789,655.0460074,470.0994483,224.5134223
2/19/2002 12:00,R,0.097,0.74,198,425,425,0.9085,1214.1555,22.6,NA,21.05,1,2,5,1003.487373,833.6789084,691.6710464,493.342513,235.3276196
2/22/2002 0:00,C,0.044,0.54,25,24.3,24.3,0.68525,515.64475,24.05,NA,33.05,0,0,0,757.3383556,793.6370635,712.3347967,530.0898856,263.049993
2/25/2002 15:38,W,0.024,0.47,16,18.1,18.1,0.534,236.1315,24.7,NA,42.075,0,0,0,338.3711035,491.8920704,594.6624516,499.5748877,274.5710924
3/27/2002 12:00,R,0.012,0.51,5,8.3,8.3,0.308,31.709,23.325,NA,49.65,0,0,0,24.61633909,27.44824285,70.12271902,158.6815456,239.8754662
3/28/2002 0:00,C,0.13,1.1,232,362,362,0.291,25.7585,23,NA,50.125,0,0,0,25.43574309,27.45692972,67.93867328,155.3716266,238.9168214
3/29/2002 0:00,C,0.13,1.27,NA,462,462,0.43975,122.559,21.55,NA,45.625,0,0,0,34.91528469,31.13894804,65.26874014,149.6797591,237.246014
4/4/2002 11:48,W,0.023,0.48,15,17.1,17.1,0.56675,286.92275,19.825,NA,22.9,0,0,0,470.5168267,630.3846968,494.6231327,393.223875,338.6257021
4/30/2002 12:00,R,0.012,0.29,5,5.6,5.6,0.4465,129.05425,19.65,NA,31.525,0,0,0,127.6556278,114.0831465,127.2518585,179.6288104,301.6682526
5/14/2002 12:00,R,0.007,0.3,2,4.2,4.2,0.341,47.5985,15.3,NA,38.2,0,0,0,48.08629376,53.65460143,75.28091743,113.4802661,174.2166362
6/11/2002 12:00,R,0.007,0.29,1,2.8,2.8,0.37325,67.042,12.6,NA,34.7,0,0,0,68.45000668,71.00653955,67.2273961,74.1763914,125.8917294
7/9/2002 12:00,R,0.003,0.21,1,2.3,2.3,0.393,81.571,9.7,NA,33.6,0,0,0,69.41973509,69.91686105,75.82822435,74.66262744,71.61139517
8/5/2002 12:00,R,0.004,0.22,2,2.1,2.1,0.36675,62.66275,11.475,NA,33.1,0,0,0,57.43143047,58.2871657,62.38314549,66.13486161,67.48137582
9/4/2002 12:00,R,0.007,0.22,1,2.3,2.3,0.339,46.258,16.275,NA,35.6,0,0,0,38.82672068,37.3377497,39.9406906,46.22620225,58.08259861
10/2/2002 12:00,R,0.008,0.33,2,3.4,3.4,0.2845,23.453,18.975,NA,42.3,0,0,0,23.76993855,24.19327695,28.76734094,34.72228305,44.61752803
10/29/2002 12:00,R,0.017,0.48,5,5.2,5.2,0.038,0.164,NA,NA,NA,0,0,0,0.183004466,0.468177512,3.593820722,10.64800249,24.53613548
3/18/2003 12:00,R,0.018,0.45,5,5.6,5.6,0.4605,143.98,23.775,NA,NA,0,0,0,250.0117869,340.2011625,272.9549553,181.9272003,82.2064572
4/14/2003 12:00,R,0.014,0.34,2,4.2,4.2,0.284,23.245,19.9,NA,29.675,0,0,0,24.679803,31.94011169,54.31305402,79.32601683,82.5794404
5/13/2003 12:00,R,0.005,0.27,1,7.6,7.6,0.30775,31.4915,14.2,NA,48.1,0,0,0,32.18138462,38.42575337,40.39283033,46.5285007,76.18589449
5/23/2003 15:30,W,0.02,0.87,4,4,4,0.56825,289.20375,13.075,NA,28.3,0,0,0,404.297577,403.9797925,261.5643561,172.2159736,118.2248094
5/24/2003 0:00,C,0.0425,0.725,10,7.05,7.05,0.54575,253.8545,12.3,NA,28.25,0,0,0,372.0138276,389.6260868,261.6521091,174.0323458,119.5289888
5/30/2003 12:00,S,0.033,1.77,5,NA,NA,0.722,601.92675,12.05,NA,27,1,2,134,578.0983204,475.7776329,346.0490385,243.5032728,156.4680192
6/6/2003 13:25,S,0.019,0.87,3,NA,NA,0.621,383.25775,11.6,NA,27.8,1,2,5,391.3411081,410.237513,379.431458,294.5725083,170.9037664
6/12/2003 10:05,S,0.022,1.09,2,NA,5.5,0.58875,325.04525,7.9,NA,25.9,0,0,0,335.9808211,360.4769337,369.2058902,312.2497664,190.693811
6/12/2003 12:00,R,0.021,1.05,4,5.5,5.5,0.59125,329.6315,8.55,NA,25.825,0,0,0,335.54126,359.710837,368.8471886,312.3337092,190.9808624
7/8/2003 15:29,R,0.02,0.6,7,5.5,5.5,0.755,684.51875,NA,NA,NA,1,2,109,734.9847804,715.7819415,621.6857899,529.6371363,369.7439839
7/25/2003 9:31,S,0.013,0.56,2,4.2,4.2,0.6995,548.29825,NA,NA,NA,1,1,17,541.1277626,549.3660307,571.5632114,555.9349972,466.7519571
8/5/2003 14:24,R,0.016,0.51,1,3.7,3.7,0.69675,542.07325,NA,NA,NA,0,0,0,524.6942162,528.5890564,543.7165904,548.7155026,513.0628139
8/22/2003 14:34,S,0.018,0.56,4,4.9,4.9,0.70275,556.0025,12.375,NA,12.3,1,2,20,539.9353606,539.4319071,540.5159362,544.8541114,536.7257112
9/1/2003 17:00,R,0.016,0.43,3,4.8,4.8,0.651,442.37075,13.675,NA,16.2,0,0,0,475.9416471,517.3106516,544.6357636,550.2341091,551.558195
9/19/2003 14:15,S,0.018,0.62,5,NA,5.7,0.5875,323.50925,16.925,NA,14.3,0,0,0,340.3061663,366.5656303,410.8963412,455.6708735,517.5643428
9/30/2003 12:47,R,0.016,0.44,5,4.2,4.2,0.523,221.04625,17.2,NA,16.8,0,0,0,213.6853328,225.1273884,286.2858366,357.5016879,454.1603604
10/17/2003 12:21,S,0.012,0.45,3,3.8,3.8,0.556,269.359,18.575,NA,39.35,0,0,0,281.5554625,309.9951171,317.7479468,335.4208546,403.1703437
10/27/2003 11:15,R,0.01,0.37,4,3.9,3.9,0.43425,117.099,20.95,NA,33.9,0,0,0,126.7471672,161.4277136,224.8890711,272.3437172,357.7607053
11/14/2003 12:15,S,0.018,0.43,12,15.2,15.2,0.27825,21.469,25.275,NA,30.975,0,0,0,22.15470768,29.81910307,69.55738328,133.1091768,245.890478
11/24/2003 16:54,C,0.019,0.44,8,6.8,6.8,0.3635,60.71475,20.325,NA,30.925,0,0,0,45.25226373,34.18152001,42.14683553,86.62360256,185.0328471
11/30/2003 15:11,R,0.012,0.31,5,4.1,4.1,0.47775,163.3545,25.375,NA,28.475,0,0,0,170.7265683,148.6227339,103.3948217,108.538427,173.4435301
12/11/2003 13:45,S,0.011,0.37,8,5.6,5.6,0.5485,258.2675,25.425,NA,42.55,0,0,0,265.2222878,262.050246,206.8622089,167.6171652,168.8861253
12/17/2003 11:40,R,0.012,0.42,6,5.5,5.5,0.5215,219.08925,25.6,NA,27.225,0,0,0,228.1350228,238.6732157,220.7360577,185.8832158,171.6731564
1/8/2004 14:19,S,0.019,0.39,7,7.8,7.8,0.4855,172.337,27.35,NA,16.5,0,0,0,169.0643666,170.9227801,181.5026438,181.1717383,156.9232883
1/21/2004 9:46,R,0.015,0.39,6,6.3,6.3,0.52025,217.271,26.025,NA,17.55,0,0,0,221.7266135,226.2379061,209.2833693,197.2832071,166.9369299
2/5/2004 16:56,S,0.021,0.56,7,7.3,7.3,0.4455,128.3065,29.525,NA,16.475,0,0,0,165.3675168,194.4553189,219.0491922,216.5941871,197.2143589
2/17/2004 13:56,R,0.025,0.45,11,11.8,11.8,0.207,7.3585,29.35,NA,18.55,0,0,0,10.0889444,24.44474782,85.64927779,135.0512404,179.810834
3/4/2004 9:30,D,0.026,0.54,11,NA,NA,0.32675,39.3755,21.65,NA,20.1,0,0,0,39.70283377,29.27974184,31.6647484,67.04401273,131.5544569
3/4/2004 10:58,S,0.025,0.5,11,11.4,11.4,0.32625,39.1415,22,NA,20.025,0,0,0,39.68685369,29.39724666,31.69736476,66.97841224,131.4518475
3/24/2004 13:34,R,0.023,0.48,9,9.1,9.1,0.244,13.32925,24.525,NA,21.05,0,0,0,11.76457757,15.29662876,22.12488111,37.11469267,87.03557669
3/30/2004 13:09,S,0.03,0.49,11,11.7,11.7,0.21575,8.53275,25.1,NA,21.5,0,0,0,8.741668059,10.1741256,16.11302967,29.17518124,75.3309199
4/14/2004 16:13,R,0.02,0.4,8,7.6,7.6,0.188,5.04925,24.425,NA,21.9,0,0,0,6.15511408,6.701688752,8.542078452,15.4286926,44.23486308
4/29/2004 10:11,S,0.023,0.46,6,11.6,11.6,0.515,210.31625,16.85,NA,18.425,0,0,0,195.7430872,189.5202394,147.7127192,102.79125,56.3130636
5/10/2004 13:16,R,0.014,0.4,1,5.1,5.1,NA,NA,15.075,NA,12.9,NA,0,NA,2.944992123,34.33581174,89.18655044,91.70963225,63.41412734
5/27/2004 12:34,S,0.014,0.36,4,4.2,4.2,NA,NA,13.375,NA,13,NA,0,NA,2.31E-05,0.261212667,14.93662544,38.28893575,51.76323346
6/7/2004 16:48,R,0.012,0.31,1,3.5,3.5,0.26325,17.495,10.2,NA,13.4,0,0,0,19.89800909,17.47750356,14.67325494,27.17679378,45.98765871
6/25/2004 12:40,S,0.013,0.27,3,3.7,3.7,0.19125,5.352,10.725,NA,14.45,0,0,0,3.936268569,4.38552348,7.403938878,15.07756774,39.23826133
7/6/2004 12:22,R,0.011,0.24,2,4.4,4.4,NA,NA,9.5,NA,15,NA,0,NA,0.278566831,1.660761754,4.331376832,10.03085435,35.29660419
7/22/2004 14:15,S,0.009,0.24,3,3,3,0.22825,10.41675,8.65,NA,15.1,0,0,0,6.491177342,5.47566571,4.169137793,5.016313691,11.14239887
8/2/2004 14:09,R,0.012,0.25,1,5.9,5.9,0.24675,13.8615,10.6,NA,15.7,0,0,0,13.47082222,13.2071139,10.71636817,8.498653583,6.63696805
8/19/2004 10:52,S,0.009,0.25,3,4.3,4.3,0.212,8.034,12.3,NA,16.4,0,0,0,6.307163108,6.341883363,7.762319891,8.066561319,7.818582462
8/31/2004 9:27,R,0.015,0.32,4,5.8,5.8,0.15775,3.064,14.25,NA,17.475,0,0,0,3.067929534,3.365118138,4.906748746,6.148531665,6.672022224
9/14/2004 14:08,S,0.015,0.3,7,5.3,5.3,0.1985,6.31225,17.7,NA,17.8,0,0,0,6.428747489,6.400925854,5.781333701,5.949270176,6.292573358
9/29/2004 13:11,R,0.021,0.28,4,5.5,5.5,0.17125,3.76125,21.125,NA,18.575,0,0,0,4.692043211,6.555152647,7.746093143,7.465857401,7.255676801
10/27/2004 15:11,R,0.02,0.35,10,4.6,4.6,0.49475,184.20275,24.175,NA,23.4,0,0,0,132.1177684,84.2907619,47.64291255,32.16486902,17.90510352
11/10/2004 13:44,S,0.057,0.87,15,20.1,20.1,0.686,516.807,19.4,NA,26.45,1,2,5789,635.0309919,600.6346003,403.48516,258.0216316,114.931374
11/10/2004 17:21,W,0.024,0.85,16,20.1,20.1,0.67675,496.61125,19.75,NA,26.05,1,2,5789,620.658709,596.0825379,405.2265149,260.1705679,116.2154815
11/24/2004 10:59,R,0.019,0.43,7,9.2,9.2,0.665,470.6,25.7,NA,16.7,1,1,15,467.7938188,479.1984449,470.8771187,383.1744066,214.6063154
12/7/2004 10:26,S,0.024,0.48,10,12.4,12.4,NA,NA,NA,NA,NA,NA,0,NA,253.5675243,336.4868448,397.6429418,386.0096039,272.3197264
12/20/2004 11:42,R,0.026,0.53,8,8,8,0.6685,478.3565,NA,NA,NA,1,2,11,507.3980825,552.625661,513.1961296,462.8086758,350.1525861
1/6/2005 16:45,S,0.02,0.44,11,9,9,0.6185,378.6655,29.1,NA,13.6,0,0,0,382.686897,388.2302521,422.0885299,436.5859039,409.3398352
1/19/2005 11:40,R,0.023,0.5,11,10.3,10.3,0.62125,383.93675,27.1,NA,16.325,0,0,0,373.6501163,367.0623568,378.2210317,402.810453,432.4815956
2/1/2005 9:34,S,0.03,0.51,9,11.8,11.8,0.45125,134.248,27.925,NA,12.525,0,0,0,184.8040472,240.4589368,304.4114151,348.1912427,403.8904524
2/4/2005 19:17,W,0.033,0.62,22,3.9,3.9,0.565,284.576,23.375,NA,26.125,0,0,0,292.5230177,265.2534727,292.9835417,333.8315117,392.4138644
2/16/2005 13:25,R,0.025,0.59,13,17.5,17.5,0.51425,209.32025,27.35,NA,23.5,0,0,0,211.8377549,221.226308,249.7880366,288.8457096,354.36149
2/20/2005 13:52,W,0.058,1.43,37,50.3,50.3,0.5255,224.80225,23.975,NA,17.625,0,0,0,201.8212809,207.4163675,232.97844,271.9364521,341.4170611
2/21/2005 8:11,C,0.291,2.6,500,725,725,1.66525,6856.29725,21.45,NA,22.925,1,2,419,1083.963074,588.8174435,373.466064,340.0415459,363.3756162
3/1/2005 13:51,S,0.04,0.89,23,26.6,26.6,0.59725,340.86025,27.25,NA,14.7,0,0,0,400.8354271,594.1439729,639.8973622,545.5531285,455.7508773
3/14/2005 9:07,R,0.028,0.49,16,14.3,14.3,0.6375,414.698,24.55,NA,11.6,0,0,0,409.0475248,416.9315782,466.3656195,475.0854166,435.0979225
3/31/2005 9:42,S,0.024,0.53,13,12.7,12.7,0.665,471.39975,18.225,NA,8.8,1,1,88,436.7277069,416.9088343,410.5395982,428.7342378,425.897802
4/11/2005 11:41,R,0.036,0.52,16,14.3,14.3,0.59125,330.062,21.85,NA,11.7,0,0,0,244.3816469,316.5972896,376.6847317,406.0370813,423.9952814
4/28/2005 16:00,S,0.022,0.44,7,8.4,8.4,0.277,21.05125,21.3,NA,12.9,0,0,0,28.07869381,51.85770488,132.8406113,225.1207735,351.7994335
5/10/2005 9:58,R,0.02,0.41,5,8.2,8.2,0.17675,4.09575,14.35,NA,14.325,0,0,0,4.334027698,7.259076993,43.97190997,125.7090489,293.5565325
5/24/2005 16:35,S,0.019,0.48,27,7.4,7.4,0.6455,430.613,13.2,NA,11.9,0,0,0,413.4007469,386.3489155,275.2127176,221.1603841,244.1553061
6/8/2005 16:59,R,0.019,0.38,3,6.5,6.5,0.531,232.2275,11.3,NA,10.1,0,0,0,281.8951724,333.0051312,350.7484893,307.0751448,263.0519458
6/23/2005 12:56,S,0.015,0.37,4,4.9,4.9,0.4975,187.1745,8.925,NA,10.4,0,0,0,174.2047024,164.8819717,195.3755238,222.9688763,221.9087381
7/1/2005 10:18,C,0.193,1.53,152,153,153,1.1185,2282.179,12.2,NA,11.275,1,1,2056,402.969924,260.7762581,212.2210588,219.0450452,207.3741914
7/3/2005 14:46,R,0.091,1.105,60,58.35,58.35,1.1165,2268.8775,10.45,NA,17.2,1,2,2056,2667.138875,1669.253317,835.8841559,543.1666439,323.0445441
7/3/2005 10:00,C,0.092,1.43,56,62.8,62.8,1.07675,2040.62375,11.1,NA,17.25,1,2,2056,2608.390242,1690.822618,858.4256641,556.9084408,328.4887392
7/18/2005 14:28,C,0.089,0.85,47,31.2,31.2,0.7685,719.60025,NA,NA,NA,0,0,0,849.8492324,998.3069776,992.7328957,815.9181353,521.1151384
7/21/2005 14:31,S,0.025,0.83,6,9.6,9.6,0.72575,610.11775,NA,NA,NA,0,0,0,652.28302,786.634265,896.1765665,791.7235813,538.5298876
8/2/2005 13:47,R,0.025,0.55,6,7.6,7.6,0.69575,539.732,NA,NA,NA,0,0,0,521.8360524,525.4835337,617.9517366,663.0536982,576.9163097
8/18/2005 15:08,S,0.027,0.43,5,10.2,10.2,0.668,477.7125,11.425,NA,11.275,0,0,0,459.7688954,459.7990163,497.4367873,559.2106856,580.1538094
8/30/2005 10:08,R,0.029,0.45,8,8.7,8.7,0.53175,233.08,13.6,NA,12.7,0,0,0,267.9529498,314.7723926,389.9019218,468.0715569,554.4801423
9/22/2005 9:07,S,0.024,0.43,8,7.2,7.2,0.58375,316.17175,15.5,NA,21.3,0,0,0,199.9079445,154.7694243,151.178735,228.698509,459.6573471
9/28/2005 11:23,R,0.032,0.7,16,12.3,12.3,0.67475,492.21,17.15,NA,21.25,0,0,0,451.0774205,376.0706611,270.3035453,268.5377925,389.0044505
9/29/2005 13:55,C,0.174,1.64,115,182,182,0.7335,629.51525,17.775,NA,18.325,0,0,0,524.6186303,431.7120228,303.8009015,285.3113995,390.4166361
10/3/2005 13:55,W,0.057,1.16,48,NA,NA,0.7595,696.104,18.25,NA,23.55,0,0,0,1209.663472,1195.292658,785.6581763,559.6026716,471.8139241
10/14/2005 14:30,S,0.028,0.58,12,12.3,12.3,0.6615,463.7135,20.1,NA,24.85,0,0,0,488.6345347,538.4935848,608.4749255,546.7344808,449.8835236
10/25/2005 18:44,R,0.029,0.52,10,10.9,10.9,0.59475,336.46475,22.475,NA,15.2,0,0,0,387.0986622,415.9704144,482.785255,496.0374768,442.8942534
11/30/2005 13:52,R,0.005,0.4,27,18.2,18.2,0.81025,843.2875,18.8,NA,17.575,1,1,11,707.6044674,592.4607162,479.3973991,420.7888691,403.3723688
12/2/2005 14:42,R,0.04,0.8,32,28.1,28.1,1.06625,1983.943,20.3,NA,15.35,1,2,11,2045.972207,1419.075201,857.7595786,623.5250655,480.3392252
12/29/2005 15:17,R,0.01,0.3,10,10.2,10.2,0.35825,57.11325,31.425,NA,18.2,0,0,0,67.60341012,106.0567029,318.8329534,488.5569382,528.8748335
12/30/2005 15:45,A,0.005,0.5,14,27.2,27.2,0.35,52.5005,32.275,NA,18.3,0,0,0,59.4440563,92.30407983,292.037907,466.3867232,520.9787619
1/17/2006 4:50,A,0.17,1.6,460,410,410,1.855,9073.88875,22.925,NA,11.7,1,2,947,1471.519933,840.7700485,483.3634983,439.9821108,480.0686421
1/17/2006 10:50,A,0.06,0.8,880,983,983,2.37225,16781.6125,21.3,NA,13.225,1,2,947,3503.358275,1764.5181,837.7000636,616.5015698,540.5812969
1/17/2006 16:50,A,0.03,0.9,716,736,736,1.954,10362.665,21.975,NA,15.8,1,2,947,4882.122707,2489.601612,1133.982431,766.7308444,592.7713225
1/17/2006 22:50,A,0.21,1.8,496,644,644,2.11425,12615.60675,21.45,NA,12.625,1,1,947,5937.89422,3114.289968,1402.974546,905.1861979,641.3878718
1/18/2006 12:38,R,0.19,1.7,592,642,642,1.961,10455.54525,21.2,NA,12.575,1,2,947,6889.983199,3727.231722,1677.414684,1048.152112,692.0914766
1/18/2006 4:50,A,0.1,1.6,160,181,181,1.61875,6372.09575,21.1,NA,15.4,1,2,947,7072.167172,4101.055082,1889.942286,1165.16129,735.9331518
1/19/2006 9:35,A,0.12,1.3,239,93.1,93.1,2.13675,12952.43925,20,NA,23.475,1,2,947,8450.056378,5366.556236,2573.054633,1541.429338,877.2160836
1/20/2006 9:35,A,0.07,1.1,93,49.2,49.2,1.585,6021.34375,19.975,NA,24,1,2,947,8356.095845,6147.009817,3175.134805,1901.626784,1020.896335
1/20/2006 17:03,A,0.12,1,228,27.6,27.6,1.50775,5257.11,21.725,NA,23.5,1,2,947,7784.194134,6096.259805,3258.697686,1965.60698,1050.486756
1/21/2006 0:03,A,0.12,1,52,20.6,20.6,1.4585,4804.61475,21.6,NA,22.65,1,2,947,7265.995806,6004.581772,3310.175969,2011.103716,1073.006841
1/21/2006 6:03,A,0.13,1,76,41.2,41.2,1.424,4503.20275,21.5,NA,21.525,1,2,947,6847.535237,5909.78171,3344.756242,2045.434423,1090.843154
1/21/2006 12:03,A,0.11,1,51,23,23,1.3685,4043.755,22.85,NA,22.2,1,2,947,6433.430271,5794.515127,3368.320408,2074.302132,1106.914633
1/21/2006 17:03,A,0.13,0.9,12,26.7,26.7,1.299,3510.829,24.4,NA,23.2,1,2,947,6071.028064,5675.105707,3376.477882,2092.610994,1118.406571
1/22/2006 0:03,A,0.1,0.8,28,23.5,23.5,1.22075,2941.583,24.15,NA,24.6,1,2,947,5536.171203,5472.214138,3369.836765,2109.081703,1131.428124
1/22/2006 6:03,A,0.12,1,58,14.4,14.4,1.1695,2597.56675,23.6,NA,25.8,1,2,947,5088.752781,5281.693375,3353.162042,2117.462843,1140.660552
1/22/2006 12:03,A,0.09,1,52,17.1,17.1,1.1305,2353.24825,25.05,NA,27.05,1,2,947,4671.560837,5086.489879,3330.206082,2122.399202,1148.726673
1/22/2006 18:03,A,0.09,0.9,56,15.5,15.5,1.079,2052.207,26.175,NA,28.15,1,2,947,4274.126057,4884.520158,3300.240102,2123.492866,1155.478546
1/23/2006 0:03,A,0.07,0.8,23,21.1,21.1,1.037,1825.0625,25.6,NA,28.6,1,2,947,3897.542186,4678.03013,3264.099767,2121.115743,1161.029572
1/23/2006 6:03,A,0.1,1,66,14.4,14.4,1.0055,1664.417,25.05,NA,28.55,1,2,947,3551.76881,4473.142277,3224.12494,2116.395562,1165.753858
1/23/2006 7:43,A,0.06,0.9,28,13,13,1.004,1657.6745,25,NA,28.55,1,2,947,3497.847619,4439.595415,3217.264377,2115.466178,1166.489345
1/23/2006 13:43,A,0.1,1.2,28,13.6,13.6,0.97675,1523.79425,26.85,NA,28.55,1,2,947,3193.674176,4241.664116,3174.914612,2109.032697,1170.588691
1/24/2006 1:43,A,0.06,0.9,40,13.8,13.8,0.9095,1218.442,26.925,NA,28.4,1,2,947,2646.859418,3851.823852,3080.46475,2089.90762,1176.522042
1/24/2006 7:43,A,0.06,0.9,24,12.1,12.1,0.8935,1153.4095,26.35,NA,28.075,1,2,947,2413.188169,3666.321067,3031.036197,2078.513099,1178.785761
1/24/2006 13:43,A,0.07,0.9,28,17,17,0.87725,1086.36075,26.75,NA,27.875,1,2,947,2207.484545,3489.672778,2981.386744,2066.515358,1180.787546
1/24/2006 19:43,A,0.05,0.8,20,13.3,13.3,0.85775,1011.06225,25.75,NA,27.55,1,2,947,2021.732857,3319.717664,2930.944057,2053.63502,1182.429828
2/23/2006 9:58,R,0.04,0.6,25,33,33,0.4225,105.74,26.175,NA,21.6,0,0,0,162.920064,197.6780312,345.1733204,652.9962919,920.9063762
3/30/2006 11:46,R,0.005,0.4,8,10.9,10.9,0.2995,28.78325,22.475,NA,17.7,0,0,0,30.97039126,47.90261374,87.11904474,181.6015587,582.7148941
4/21/2006 9:37,R,0.01,0.4,10,8.2,8.2,0.34475,49.5725,15.4,NA,17,0,0,0,43.85892921,36.34085891,33.27116993,51.97446865,109.5941963
5/18/2006 14:25,D,0.01,0.4,5,6.63,6.63,0.1595,3.14375,17.9,NA,14.7,0,0,0,2.603099452,3.161339041,8.973031455,19.28214774,42.72365714
5/18/2006 13:38,R,0.06,0.4,9,6.63,6.63,0.15725,3.037,17.1,NA,14.95,0,0,0,2.615451759,3.159857516,8.946975356,19.24505379,42.68148015
6/15/2006 14:53,D,0.005,0.3,5,5.7,5.7,0.5365,239.759,8.775,NA,11.1,0,0,0,160.8589182,112.2670266,62.27229253,39.27257062,25.9970095
6/15/2006 16:01,R,0.005,0.3,5,5.7,5.7,0.52925,229.52925,8.3,NA,11.1,0,0,0,164.8410667,115.099262,63.75478652,40.10370362,26.27297788
7/12/2006 16:00,R,0.01,0.6,5,7.32,7.32,0.52775,227.59,9.15,NA,9.7,0,0,0,273.7694059,320.7449481,319.5917029,258.4831612,147.0316746
8/7/2006 14:49,R,0.005,0.6,9,11.9,11.9,0.7925,787.84275,10.675,NA,13.875,1,1,216,626.2249322,627.5997617,622.4276946,541.6220303,359.5194531
9/5/2006 11:04,R,0.005,0.5,20,18.2,18.2,0.69675,542.6555,15.45,NA,10,0,0,0,525.2541526,532.3690728,553.6357247,567.060169,525.5545514
9/7/2006 23:27,A,0.08,0.9,11,28.2,28.2,0.849,980.3985,13.15,NA,9.3,1,1,702,597.9758819,562.5482997,560.1005728,569.1011728,533.9255901
10/3/2006 16:39,R,0.005,0.8,10,10.6,10.6,0.37575,68.87125,23,NA,24.3,0,0,0,73.71999514,90.31162776,216.5916386,352.5058437,499.374744
11/16/2006 12:42,R,0.03,0.4,11,10.7,10.7,0.293,26.4365,21.075,NA,13.4,0,0,0,28.00774845,30.63186933,58.17534005,114.3824485,240.4790567
11/30/2006 15:09,D,0.005,0.6,21,14.9,14.9,0.1275,1.72475,27.4,NA,13.725,0,0,0,1.938574174,3.799072991,17.66360624,55.31237954,155.2381269
11/30/2006 12:22,R,0.005,0.6,21,14.9,14.9,0.12175,1.52425,25.85,NA,14.15,0,0,0,1.912422798,3.722269807,17.45201807,54.89096775,154.2139796
12/28/2006 15:09,R,0.01,0.4,12,9.4,9.4,0.201,6.586,28.725,NA,12.9,0,0,0,6.923817214,4.86520198,3.605852393,12.21170858,57.37075927
2/2/2007 11:12,R,0.02,0.6,8,10.9,10.9,0.11,1.1715,26.45,NA,17.375,0,0,0,1.419845566,1.882964845,3.35410844,5.173359039,6.921093207
2/21/2007 9:45,A,0.05,0.9,30,38.2,38.2,0.87225,1066.28225,25.525,NA,14.075,1,2,3805,811.9950656,553.7815187,286.4456353,161.3894961,64.09104168
2/21/2007 10:50,R,0.06,0.7,22,17.9,17.9,0.8595,1018.6805,25.85,NA,13.8,1,2,3805,817.8789989,559.320883,289.6538022,163.2504171,64.81564686
3/4/2007 10:07,A,0.03875,1.0625,52,41.45,41.45,0.779,749.883,23.675,NA,13.975,0,0,0,1063.444644,1033.892708,747.8365949,493.7281525,221.0732384
3/21/2007 13:46,R,0.04,0.7,27,44.6,44.6,0.72025,597.4045,21.9,NA,14.3,0,0,0,576.110782,560.5690362,625.2883902,581.0368189,371.4869715
4/18/2007 14:51,R,0.08,0.5,18,24.1,24.1,0.697,542.07125,20.6,NA,11.4,0,0,0,528.9772805,516.9169634,509.605403,530.6887015,502.3861042
5/16/2007 11:10,R,0.02,0.6,8,19.7,19.7,0.69025,526.428,15.15,NA,8.9,0,0,0,507.7900238,512.3374473,521.1213249,531.1663038,578.2264005
6/11/2007 9:00,A,0.07,0.8,58,53.1,53.1,1.00025,1683.67975,10.925,NA,11.625,1,1,2289,201.0536407,195.6578495,255.5147625,331.4519695,432.7172314
6/11/2007 12:00,A,0.07,0.7,53,36.6,36.6,1.17425,2629.97325,11.225,NA,11.4,1,1,2289,395.1800392,278.4218993,285.3857703,345.7294816,437.2113599
6/11/2007 15:00,A,0.1,0.8,87,67.8,67.8,1.2135,2888.54775,11.35,NA,11.325,1,1,2289,594.5197989,367.3439614,318.231366,361.5827535,442.2688937
6/11/2007 18:00,A,0.08,0.8,NA,77.6,77.6,1.2185,2923.92275,11.15,NA,11.4,1,2,2289,790.0245621,458.5786192,352.6749996,378.3395313,447.6570234
6/11/2007 21:00,A,0.12,0.9,NA,68.1,68.1,1.1845,2693.09025,10.875,NA,11.6,1,2,2289,954.3877587,540.2663035,384.3288007,393.8307577,452.6384668
6/12/2007 0:00,A,0.08,0.8,NA,51.8,51.8,1.148,2461.417,10.475,NA,11.4,1,2,2289,1085.907599,610.8975305,412.5413806,407.724032,457.1053636
6/12/2007 3:00,A,0.07,0.8,NA,38.3,38.3,1.11325,2251.261,10.125,NA,11.875,1,2,2289,1188.3162,671.2862237,437.5138143,420.1068747,461.0861245
6/12/2007 6:00,A,0.08,0.8,NA,46.4,46.4,1.08025,2059.3005,9.85,NA,13.525,1,2,2289,1265.677336,722.4970248,459.5491599,431.1178412,464.6228378
6/12/2007 9:00,A,0.08,0.8,62,45.4,45.4,1.0515,1901.728,9.85,NA,16.15,1,2,2289,1322.148324,765.7348702,479.0115065,440.9265819,467.7675989
6/12/2007 12:00,A,0.08,0.8,NA,42,42,1.023,1753.69525,10.25,NA,18.825,1,2,2289,1362.646843,802.6459265,496.441655,449.7928558,470.6138759
6/12/2007 15:00,A,0.09,0.8,NA,48.2,48.2,0.991,1591.873,10.55,NA,20.975,1,2,2289,1386.015497,832.3918507,511.4719716,457.5272107,473.0942896
6/13/2007 15:20,R,0.02,0.9,26,36.9,36.9,0.843,956.559,10,NA,21.3,1,2,2289,1266.471435,915.4749291,577.6286485,493.8331496,484.6017304
6/15/2007 15:45,A,0.04,0.6,27,25.1,25.1,0.89,1137.63225,9.2,NA,16.475,1,1,2289,1028.079182,921.4154456,642.8092896,535.6879881,498.4378588
6/15/2007 21:45,A,0.06,0.7,71,52,52,1.47225,4930.2815,9.2,NA,15.475,1,1,2289,1311.500933,1049.537235,697.5697926,564.2082758,508.212363
6/16/2007 0:45,A,0.1,0.9,NA,112,112,1.783,8214.5195,9.125,NA,15.35,1,1,2289,1745.189623,1242.764724,773.6631683,602.7478897,521.4484411
6/16/2007 6:45,A,0.22,1.5,NA,448,448,2.4755,18643.72025,9.2,NA,16.15,1,1,2289,3867.69521,2198.074268,1142.889275,788.3279087,585.2636828
6/16/2007 9:45,A,0.25,1.4,NA,427,427,2.565,20355.67425,9.3,NA,15.9,1,1,2289,5193.418562,2821.044727,1387.460244,911.7784934,627.9014008
6/16/2007 12:45,A,0.23,1.4,427,352,352,2.69475,23007.3405,9.525,NA,15.425,1,1,2289,6571.857389,3491.038549,1654.365566,1047.081028,674.795839
6/16/2007 15:45,A,0.22,2.2,NA,319,319,3.0215,30575.96675,9.7,NA,15.075,1,1,2289,8350.659848,4355.852179,1998.62387,1221.54659,735.2929208
6/16/2007 18:45,A,0.25,1.5,NA,389,389,3.26275,37334.514,9.7,NA,15.15,1,1,2289,10602.7523,5454.59022,2436.394401,1443.448775,812.2828818
6/16/2007 21:45,A,0.28,1.6,NA,496,496,3.4645,43651.703,9.8,NA,15.55,1,1,2289,13148.42118,6718.964235,2944.172573,1701.443183,901.9820917
6/17/2007 0:45,A,0.34,1.6,NA,548,548,3.5595,46845.1055,9.9,NA,15.25,1,1,2289,15888.77827,8111.975389,3509.596493,1989.644345,1002.453792
6/20/2007 3:30,A,0.08,1,51,43.8,43.8,1.60375,6217.38175,10.4,NA,23.125,1,1,2289,10565.68707,10840.69601,6546.622352,3923.978447,1788.417553
6/20/2007 9:35,A,0.05,1.1,49,60.8,60.8,2.12975,12864.45425,10.2,NA,23.575,1,1,2289,10273.20892,10689.74731,6601.017771,3985.37989,1820.934381
6/20/2007 11:15,A,0.123,1.57,NA,163.11,163.11,2.34275,16272.122,10.1,NA,23.6,1,1,2289,10569.74339,10804.89036,6679.246459,4035.593302,1841.970156
6/20/2007 12:35,A,0.07,1.2,108,44.4,44.4,2.47025,18561.6605,10.1,NA,23.6,1,1,2289,10797.25776,10897.31382,6731.308283,4067.146771,1854.706617
6/20/2007 15:35,A,0.13,1.5,222,53.6,53.6,3.038,31013.25625,9.625,NA,23.4,1,1,2289,12139.60129,11463.33749,6995.248108,4215.407847,1911.313128
6/20/2007 18:35,A,0.12,1.4,296,191,191,3.16575,34510.712,9.3,NA,22.525,1,1,2289,13973.40421,12267.50074,7351.627171,4410.255041,1984.08866
6/21/2007 3:35,A,0.25,2,209,226,226,2.9915,29785.72275,8.8,NA,19.15,1,2,2289,18065.6018,14277.48028,8304.898626,4943.604898,2186.912667
6/21/2007 6:35,A,0.1,1.2,168,183,183,2.9365,28446.067,8.7,NA,19.3,1,2,2289,18977.56394,14799.59239,8576.532829,5100.321436,2247.932425
6/21/2007 9:35,A,0.12,1.3,185,104,104,2.74225,24021.1425,8.5,NA,19.075,1,2,2289,19528.12238,15182.11399,8799.804611,5233.853966,2301.306413
6/21/2007 12:35,A,0.11,1.1,157,97.9,97.9,2.52975,19676.48975,8.5,NA,19.075,1,2,2289,19655.89872,15390.5688,8960.660683,5337.063284,2344.545824
6/27/2007 7:50,A,0.1,1.1,92,75.5,75.5,2.29675,15500.7275,8.5,NA,22.5,1,1,2289,4045.383525,6212.42721,6952.480838,5202.347386,2677.688524
6/27/2007 10:50,A,0.12,1.1,104,121,121,2.907,27761.11925,8.5,NA,23.175,1,1,2289,5657.750066,6820.344307,7167.740261,5320.681713,2725.591628
6/27/2007 13:50,A,0.17,1.2,218,286,286,2.99775,29950.406,8.6,NA,20.575,1,2,2289,7726.850393,7659.977898,7474.293669,5484.918031,2789.378741
6/27/2007 16:50,A,0.31,1.4,120,289,289,2.80525,25403.53675,8.6,NA,19.375,1,2,2289,9307.727269,8335.698044,7727.170654,5623.51612,2844.691971
6/27/2007 19:50,A,0.44,1.6,336,433,433,2.66825,22446.14975,8.6,NA,18.6,1,2,2289,10463.40027,8862.179059,7930.249692,5738.195604,2892.06428
6/27/2007 22:50,A,0.45,1.6,NA,515,515,2.62075,21470.133,8.6,NA,17.85,1,2,2289,11396.16155,9315.807807,8110.536193,5842.164972,2935.979674
6/28/2007 1:50,A,0.39,1.3,NA,470,470,2.637,21798.66375,8.6,NA,17.2,1,2,2289,12252.95273,9753.871147,8288.607039,5945.539371,2979.888424
6/28/2007 4:50,A,0.23,1.2,NA,355,355,2.651,22086.052,8.55,NA,17.225,1,2,2289,13068.50893,10189.22051,8469.082515,6050.601687,3024.570546
6/28/2007 7:50,A,0.24,1.3,212,240,240,2.61525,21363.78475,8.5,NA,17.975,1,2,2289,13776.26335,10592.23026,8640.930745,6151.892837,3068.150752
6/28/2007 10:50,A,0.15,1.9,184,195,195,2.55825,20223.1775,8.4,NA,18.8,1,2,2289,14344.48646,10946.68403,8797.825685,6246.246142,3109.536214
6/28/2007 13:50,A,0.23,1.1,258,236,236,2.474,18617.02875,8.4,NA,19.45,1,2,2289,14747.92877,11238.62132,8934.155288,6330.829722,3147.751317
6/29/2007 16:11,S,0.05,1.1,72,106,106,2.408,17414.1295,8.9,NA,20.6,1,2,2289,15458.60223,12550.00867,9718.770659,6882.132461,3425.115895
7/11/2007 16:36,R,0.05,1.2,27,NA,NA,1.46225,4838.438,9.425,NA,22.025,1,2,2289,4410.054934,3806.638936,5364.072806,5517.435985,3814.899428
8/7/2007 10:40,R,0.005,0.6,4,8.42,8.42,0.7535,680.91575,9.65,NA,16.9,0,0,0,670.3741396,702.6712272,1109.752393,2128.185313,3284.358447
9/3/2007 13:13,R,0.02,0.5,5,8.77,8.77,0.65725,454.56325,16.175,NA,16.9,0,0,0,561.5737042,644.3138759,729.2790346,1065.079795,2726.612901
10/3/2007 10:21,R,0.005,0.5,6,9.72,9.72,0.637,413.96375,18.475,NA,14.9,0,0,0,396.5922401,415.9698747,463.986848,527.7533352,685.271218
10/30/2007 11:59,R,0.03,0.4,10,12,12,0.55375,266.21125,22.925,NA,13.525,0,0,0,266.0753891,287.2054542,330.614397,379.5843006,476.3276627
11/24/2007 13:49,A,0.06,1.7,81,83.1,83.1,0.997,1624.0495,20.7,NA,19.925,1,2,2153,1230.905701,899.907125,669.8669845,559.2599268,475.9243696
11/24/2007 16:49,A,0.06,1.1,NA,67.7,67.7,0.981,1543.997,20.7,NA,19.625,1,2,2153,1259.012856,923.5705407,681.6458244,565.8078788,478.2325459
11/24/2007 19:49,A,0.08,0.9,NA,50.7,50.7,0.96425,1462.509,20.8,NA,19.625,1,2,2153,1278.078488,943.5436227,692.2131358,571.790745,480.3642209
11/24/2007 22:49,A,0.06,0.8,NA,51.9,51.9,0.96225,1453.6395,20.7,NA,20.125,1,1,2153,1292.08686,961.3195226,702.0874189,577.4609603,482.4064634
11/25/2007 1:49,A,0.06,0.7,NA,39.1,39.1,0.972,1499.56125,20.6,NA,21,1,1,2153,1307.940375,979.743087,712.3043608,583.3307354,484.5495138
11/25/2007 4:49,A,0.06,0.6,NA,70.8,70.8,0.983,1554.456,20.5,NA,20.925,1,1,2153,1327.006288,999.4419959,723.1010967,589.5194025,486.8432662
11/25/2007 7:49,A,0.12,1,186,212,212,0.98175,1547.0585,20.525,NA,21.5,1,2,2153,1345.705099,1018.971935,733.9533978,595.7683354,489.1900607
11/25/2007 10:49,A,0.09,1.2,255,412,412,0.97125,1495.35675,21.25,NA,21.775,1,2,2153,1360.05306,1036.627506,744.2259874,601.7615954,491.4697121
11/25/2007 13:49,A,0.08,1.1,252,311,311,0.9515,1403.94525,22.6,NA,22.425,1,2,2153,1366.124045,1050.647261,753.2488302,607.1648701,493.5650028
11/25/2007 16:49,A,0.07,1.1,NA,354,354,0.9295,1303.48375,23.1,NA,22.675,1,2,2153,1363.68803,1060.767722,760.8928098,611.9098086,495.4512088
11/26/2007 13:56,R,0.04,0.8,38,48.3,48.3,0.86775,1049.2075,24.5,NA,23.825,1,2,2153,1258.438248,1078.035362,794.3931506,635.6306328,506.0267376
11/30/2007 10:55,A,0.04,0.6,NA,27,27,0.981,1543.37575,23.65,NA,27.7,1,1,58,896.7508642,950.5394221,830.6028017,686.1748235,540.198846
11/30/2007 13:55,A,0.03,0.5,NA,26.4,26.4,0.954,1413.93025,23.85,NA,27.225,1,2,58,943.4014107,968.5114044,838.8347046,691.2284821,542.523671
11/30/2007 16:55,A,0.03,0.5,NA,29.6,29.6,0.9255,1287.269,23.875,NA,27.025,1,2,58,975.2138427,981.1790554,845.2283689,695.3853351,544.4743867
11/30/2007 20:05,A,0.04,0.6,NA,32.5,32.5,0.92325,1277.031,23.6,NA,26.875,1,1,58,1004.448841,993.4367364,852.1533191,700.1435772,546.6789231
12/1/2007 2:05,A,0.06,0.6,NA,31.2,31.2,0.9405,1352.8785,22.85,NA,25.525,1,2,58,1069.910915,1022.794927,866.8345385,709.4374873,550.5895891
12/20/2007 13:49,R,0.02,0.5,27,31.3,31.3,0.825,893.409,21.3,NA,18.85,0,0,0,824.9963107,785.5088043,799.3453406,768.017088,632.2577081
12/21/2007 10:32,A,0.018333333,0.366666667,NA,18.58333333,18.58333333,0.7795,751.6345,22.25,NA,17.5,0,0,0,816.936302,791.3043006,800.5972137,770.2724593,636.3741596
1/24/2008 11:38,R,0.03,0.6,20,19,19,0.699,547.559,23.15,NA,18.4,0,0,0,556.912467,557.7717891,531.953444,552.4856077,625.2223006
2/6/2008 10:07,A,0.03,0.4,66,37.2,37.2,0.75525,685.5145,23.825,NA,20.65,0,0,0,619.2336035,601.7665926,564.0537439,557.8584498,616.0847121
2/7/2008 8:44,A,0.03,0.49,46,34.44,34.44,0.83975,945.26575,23.6,NA,18.7,0,0,0,727.6088456,657.3371929,589.2575486,570.8702546,620.3173499
2/26/2008 13:43,R,0.02,0.4,15,17,17,0.65475,449.37075,25.025,NA,15.9,0,0,0,454.7624247,495.7335765,603.7384809,630.9136522,620.8654753
3/27/2008 14:01,R,0.005,0.3,19,18.6,18.6,0.58275,314.3565,21.7,NA,11.6,0,0,0,217.635382,232.9078013,327.3998928,418.1306407,519.315135
4/14/2008 10:37,R,0.01,0.3,13,13.9,13.9,0.69375,535.07775,17.275,NA,10.35,0,0,0,520.0503319,521.7782735,497.4146274,484.7742505,524.6722678
5/14/2008 10:43,R,0.03,0.3,11,12.7,12.7,0.70125,552.283,14.425,NA,10.4,0,0,0,547.1556127,546.2901798,545.1990531,530.571593,497.0701871
6/13/2008 16:18,R,0.005,0.3,13,13.7,13.7,0.7405,647.4155,12.775,NA,13.7,0,0,0,666.3913122,623.0634759,545.4632338,525.573736,512.0806455
7/10/2008 10:36,R,0.005,0.3,6,12.5,12.5,0.68475,514.192,8.25,NA,9.2,0,0,0,504.9679754,530.2576522,573.3715317,579.1225428,562.042453
8/5/2008 11:09,R,0.005,0.3,5,7.97,7.97,0.71625,587.54325,8.75,NA,12.225,1,1,17,583.4047799,588.2018845,558.9879611,550.6995998,550.1779865
9/4/2008 10:17,R,0.005,0.3,5,7.07,7.07,0.68775,520.71225,12.425,NA,13,0,0,0,481.8111699,492.7997524,520.3943317,537.6709945,557.0174441
9/10/2008 7:57,A,0.043333333,0.866666667,NA,58.5,58.5,0.8665,1044.868,11.2,NA,23.375,1,2,207,1327.861747,1077.989707,789.4394129,677.1659841,602.9422166
9/30/2008 14:37,R,0.005,0.1,8,8.4,8.4,0.5615,278.3465,20.325,NA,16.7,0,0,0,276.1209706,301.9869051,416.9943831,500.9081235,549.4676771
10/28/2008 10:22,R,0.005,0.4,7,10.2,10.2,0.4915,180.07575,22.1,NA,17.7,0,0,0,222.3253595,305.7583257,402.1084235,435.830377,495.7423989
11/25/2008 16:17,D,0.005,0.4,6,6.18,6.18,0.42575,108.74175,19.825,NA,32.175,0,0,0,104.1646625,104.9097876,123.3833286,183.8008625,320.4873597
11/25/2008 10:26,R,0.005,0.5,7,6.18,6.18,0.414,98.27175,22.825,NA,32.2,0,0,0,104.0530875,104.8166496,122.8679877,182.7151683,319.2600334
1/20/2009 10:55,R,0.008,0.48,9,9.91,9.91,0.3485,51.59075,26.425,NA,25.9,0,0,0,47.95202238,50.00478025,62.7214171,85.68689803,111.1173757
2/23/2009 15:24,R,0.044,0.59,19,16,16,0.38325,74.0315,27.4,NA,16.6,0,0,0,82.49702183,83.06403181,70.22999982,65.43235876,81.9356945
3/19/2009 15:13,R,0.027,0.41,11,12.6,12.6,0.3475,50.958,24.55,NA,14.7,0,0,0,58.26960772,61.69935451,61.18751432,60.07819857,57.82944753
4/15/2009 11:05,R,0.015,0.34,10,9.54,9.54,NA,NA,NA,NA,NA,NA,0,NA,0.998223222,3.015630347,9.785500206,21.37350872,38.16902714
5/13/2009 14:15,R,0.012,0.29,4,5.08,5.08,0.2555,15.653,13.8,NA,17.825,0,0,0,15.89260316,16.71612805,16.20119249,16.68736025,25.83511435
6/15/2009 16:36,R,0.0025,0.34,1,3.48,3.48,0.428,110.7955,9.925,NA,22.925,0,0,0,131.6040066,164.945981,189.1264413,163.7921058,97.98438998
7/17/2009 9:50,R,0.027,0.2,6,4.47,4.47,0.33825,45.7995,9.25,NA,24.85,0,0,0,46.06611118,46.42517619,49.06603262,66.25549806,89.21765261
8/13/2009 10:00,R,0.0025,0.19,4,5.53,5.53,0.33675,44.93475,NA,NA,NA,0,0,0,40.82111187,45.82820031,54.0943684,60.08501052,89.96097478
9/8/2009 9:40,R,0.007,0.21,5,7.29,7.29,0.2835,23.10275,13.525,NA,22.2,0,0,0,20.70390124,20.84023637,24.38272382,31.26687523,39.66683784
10/20/2009 11:55,R,0.009,0.25,8,9.22,9.22,0.31175,32.9935,22.475,NA,27.125,0,0,0,37.29125179,41.62264574,33.8196337,27.05164,26.71114251
11/17/2009 9:55,R,0.012,0.37,6,13.1,13.1,0.10675,1.07075,NA,NA,NA,0,0,0,1.330529488,2.188316228,6.753553114,11.93995608,16.3361337
12/9/2009 9:55,R,0.018,0.52,17,22.5,22.5,0.015,0.08025,NA,NA,NA,0,0,0,0.096808012,0.170665625,0.861614288,3.839471364,10.11828476
1/13/2010 10:25,D,0.0225,0.505,5.5,10.8,10.8,NA,NA,NA,NA,NA,NA,0,NA,0.083023832,2.2303182,5.385154401,4.950113493,4.589180738
1/19/2010 12:30,,0.275,2.76,NA,NA,NA,0.73075,622.911,24.35,NA,36.25,1,2,5205,230.3147117,115.8097041,50.44496718,28.04423891,12.04927121
2/6/2010 14:44,A,0.107,1.19,79,NA,NA,1.0945,2142.7785,24.575,NA,59.65,1,1,354,205.2801806,116.4926122,106.9412253,94.61977821,55.81734419
2/6/2010 17:44,A,0.064,0.7,58,NA,NA,1.261,3225.7155,24.05,NA,59.875,1,1,354,426.9514221,213.8151296,143.0967109,112.6120202,62.09560131
2/6/2010 20:44,A,0.088,1.22,102,NA,NA,1.243,3095.6175,23.45,NA,53.55,1,2,354,653.367053,317.729547,182.5249519,132.3490005,69.00226952
2/6/2010 23:44,A,0.161,2.24,NA,NA,NA,1.2285,2991.016,22.75,NA,38.225,1,2,354,852.9109452,414.528474,220.1599255,151.3270091,75.68438527
2/7/2010 2:44,A,0.182,2.62,NA,NA,NA,1.39025,4221.74875,21.55,NA,22.3,1,1,354,1077.977573,525.5475937,263.7923403,173.3915543,83.45209271
2/7/2010 9:48,A,0.089,0.88,NA,48.6,48.6,1.322,3681.582,21.05,NA,29.9,1,2,354,1652.494258,823.5518008,383.9432769,234.5895789,105.0648364
2/7/2010 17:34,A,0.035,1.01,NA,NA,NA,1.1685,2590.40925,22.8,NA,39.4,1,2,354,1926.320203,1021.759182,474.1135732,282.1503746,122.3929763
2/7/2010 20:34,A,0.058,1.05,NA,NA,NA,1.13775,2398.07525,22.625,NA,40.2,1,2,354,1969.310478,1072.026713,499.9073701,296.1956258,127.6504268
2/7/2010 23:34,A,0.056,1.01,NA,NA,NA,1.127,2333.63,22.5,NA,37.4,1,2,354,2001.309379,1117.346802,524.1864458,309.5677219,132.7020815
2/8/2010 13:01,R,0.052,1.36,35,61.1,61.1,1.173,2621.83325,22,NA,19.75,1,2,354,2170.301314,1331.09428,641.8128649,375.0555779,157.6355709
2/8/2010 14:03,A,0.133,1.42,NA,37.3,37.3,1.16675,2579.12075,22,NA,19.4,1,2,354,2181.93961,1345.964765,650.3007853,379.8388257,159.4729818
2/9/2010 10:04,A,0.047,0.95,35,NA,NA,1.013,1703.974,21.575,NA,17.375,1,2,354,2135.203636,1507.125745,773.3643153,453.8038487,189.3145348
2/9/2010 10:09,A,0.033,0.91,28,NA,NA,1.013,1703.974,21.575,NA,17.375,1,2,354,2135.203636,1507.125745,773.3643153,453.8038487,189.3145348
2/11/2010 6:09,A,0.03,0.8,12,NA,NA,1.00225,1656.6385,24.7,NA,21.525,1,1,354,1365.007468,1344.367156,836.4927949,516.7866452,222.6964604
2/11/2010 9:09,A,0.031,0.78,18,NA,NA,1.1905,2735.327,24.825,NA,22.15,1,1,354,1464.237198,1387.240624,859.0096784,530.055072,228.075221
2/11/2010 12:09,A,0.03,0.74,30,NA,NA,1.13475,2378.62975,25.75,NA,23.075,1,2,354,1553.202962,1427.884501,880.9916571,543.1233043,233.4087676
2/11/2010 15:09,A,0.027,0.74,19,NA,NA,1.0455,1870.81475,25.9,NA,23.6,1,2,354,1593.255576,1449.423197,896.140613,552.8661714,237.6285062
2/12/2010 7:39,A,0.041,0.67,35,NA,NA,1.0355,1818.716,23.7,NA,20.85,1,1,354,1507.36255,1434.766241,928.1424907,580.933064,252.1572463
2/12/2010 9:24,A,0.027,0.06,39,NA,NA,1.07375,2023.42675,23.925,NA,21.3,1,1,354,1535.124387,1448.198754,937.5300953,587.1136415,254.9003675
2/12/2010 12:24,A,0.03,0.87,46,NA,NA,1.0395,1838.266,24.725,NA,21.175,1,2,354,1566.81147,1464.785103,950.3644079,595.7944349,258.8263375
2/14/2010 11:04,A,0.02,0.67,35,NA,NA,1.09675,2157.424,23.2,NA,21.6,1,1,354,1258.393666,1328.804016,987.8847887,650.5585768,293.4144712
2/14/2010 14:04,A,0.039,0.83,42,NA,NA,1.20325,2819.46175,23.2,NA,24.45,1,1,354,1373.641437,1375.296199,1009.560895,663.5371473,298.897737
2/14/2010 17:04,A,0.038,0.87,41,NA,NA,1.34975,3896.254,23.25,NA,26,1,1,354,1547.578586,1449.097681,1041.663209,681.7349961,306.1842424
2/14/2010 20:04,A,0.031,0.82,29,NA,NA,1.5595,5761.643,23,NA,25.975,1,1,354,1845.543574,1579.13061,1095.128791,710.6036337,317.1448778
2/14/2010 23:04,A,0.041,1.01,174,NA,NA,1.87675,9390.7285,22.2,NA,22.325,1,1,354,2311.671935,1786.257663,1178.09085,754.2340325,333.193426
2/15/2010 2:04,A,0.057,1.6,99,NA,NA,2.4485,18145.11825,21.4,NA,20.2,1,1,354,3474.901058,2299.007871,1375.870702,854.9876433,368.8236815
2/15/2010 5:04,A,0.14,2.18,110,NA,NA,2.75675,24332.1485,21.2,NA,16.4,1,1,354,5038.134854,3004.935407,1649.33492,993.8647773,417.6483171
2/15/2010 8:04,A,0.252,2.17,401,NA,NA,2.568,20424.02775,21.3,NA,17.675,1,2,354,6470.869029,3687.223214,1919.970323,1132.264952,466.5621934
2/15/2010 10:39,A,0.073,1.56,151,NA,NA,2.3935,17151.753,21.35,NA,17.025,1,2,354,7112.443739,4024.09894,2059.783737,1204.914757,492.6094112
2/15/2010 11:03,A,0.09,0.95,NA,365,365,2.30975,15717.271,21.5,NA,16.775,1,2,354,7357.406478,4163.425424,2119.619583,1236.37144,504.0043283
2/15/2010 13:39,A,0.157,1.68,305,NA,NA,2.1555,13240.25525,21.95,NA,17.125,1,2,354,7718.65155,4391.665403,2221.749103,1290.795771,523.9526906
2/15/2010 16:39,A,0.072,1.51,224,NA,NA,2.13125,12873.587,22.25,NA,17.475,1,1,354,8135.697354,4686.615382,2359.41219,1365.127288,551.4963795
2/15/2010 17:43,A,0.06,0.82,NA,198,198,2.116,12641.99225,22.175,NA,17.325,1,2,354,8263.982828,4781.405288,2404.46252,1389.58371,560.5967176
2/15/2010 19:39,A,0.05,1.76,256,NA,NA,2.0895,12257.53475,22,NA,16.925,1,1,354,8485.15138,4957.2378,2490.141973,1436.444864,578.1392421
2/15/2010 22:39,A,0.051,1.12,228,NA,NA,2.273,15099.49925,21.9,NA,16.9,1,1,354,8968.123682,5287.030749,2644.550999,1519.87145,609.0368191
2/16/2010 1:39,A,0.061,1.27,NA,NA,NA,2.26275,14925.303,21.9,NA,17.775,1,2,354,9480.194786,5635.05641,2808.08325,1608.294956,641.7869794
2/16/2010 7:39,A,0.025,0.84,NA,NA,NA,2.14375,13057.513,21.7,NA,25.75,1,2,354,10166.08669,6202.176533,3094.268964,1766.334954,701.3103408
2/16/2010 10:39,A,0.053,0.89,NA,NA,NA,2.123,12754.40575,21.8,NA,29.375,1,2,354,10386.45826,6436.001411,3221.575765,1838.153926,728.8117466
2/16/2010 13:39,A,0.031,0.79,53,NA,NA,2.11225,12591.5545,21.975,NA,28.65,1,2,354,10578.42453,6657.273365,3345.627946,1908.727138,756.0100121
2/16/2010 16:39,A,0.032,0.81,77,NA,NA,2.07475,12041.9945,22.1,NA,28.475,1,2,354,10718.24819,6855.36407,3462.371909,1976.034536,782.21314
2/16/2010 16:58,A,0.07,0.94,NA,64.6,64.6,2.07475,12041.9945,22.1,NA,28.475,1,2,354,10718.24819,6855.36407,3462.371909,1976.034536,782.21314
2/16/2010 19:39,A,0.059,0.8,116,NA,NA,1.999,10982.81325,22,NA,27.95,1,2,354,10771.85592,7014.775828,3565.862774,2037.105772,806.4010372
2/19/2010 8:49,A,0.039,0.95,29,NA,NA,1.0445,1864.4475,21.9,NA,30.725,1,2,354,4768.91222,5502.974328,3760.735317,2344.089183,988.6073838
2/19/2010 11:49,A,0.044,0.95,20,NA,NA,1.02825,1779.81275,22.325,NA,31.125,1,2,354,4523.411586,5372.578473,3735.234825,2340.848599,991.3756659
3/10/2010 12:10,R,0.022,0.67,6,13.7,13.7,0.39375,81.802,22.1,NA,28.8,0,0,0,81.4091531,105.6129854,625.3886792,1003.36496,894.1985091
4/14/2010 11:26,R,0.019,0.56,6,8.84,8.84,0.306,30.973,18.15,NA,35.3,0,0,0,29.27776259,35.87501861,53.49599857,197.8724886,635.3342483
5/12/2010 10:20,R,0.009,0.52,5,7.43,7.43,0.19925,6.43325,12.5,NA,33.475,0,0,0,5.352371215,5.605420698,9.406268024,22.32101127,86.67048873
6/3/2010 0:27,A,0.038,0.63,16,NA,NA,0.65675,453.85225,13.6,NA,14,1,1,334,229.07847,161.4886567,131.0382615,105.9685464,68.30567568
6/3/2010 0:36,A,0.024,0.42,13,NA,NA,0.65675,453.85225,13.6,NA,14,1,1,334,229.07847,161.4886567,131.0382615,105.9685464,68.30567568
6/3/2010 0:41,A,0.022,0.39,17,NA,NA,0.65675,453.85225,13.6,NA,14,1,1,334,229.07847,161.4886567,131.0382615,105.9685464,68.30567568
6/3/2010 0:46,A,0.022,0.37,14,NA,NA,0.65675,453.85225,13.6,NA,14,1,1,334,229.07847,161.4886567,131.0382615,105.9685464,68.30567568
6/3/2010 0:52,A,0.022,0.37,14,NA,NA,0.65675,453.85225,13.6,NA,14,1,1,334,229.07847,161.4886567,131.0382615,105.9685464,68.30567568
6/3/2010 0:57,A,0.021,0.36,16,NA,NA,0.65675,453.85225,13.6,NA,14,1,1,334,229.07847,161.4886567,131.0382615,105.9685464,68.30567568
6/3/2010 1:02,A,0.023,0.35,15,NA,NA,0.66625,473.829,13.5,NA,14,1,1,334,236.0460428,165.2102543,132.5400915,106.7659606,68.60322784
6/3/2010 1:07,A,0.02,0.36,0.5,NA,NA,0.66625,473.829,13.5,NA,14,1,1,334,236.0460428,165.2102543,132.5400915,106.7659606,68.60322784
6/3/2010 1:13,A,0.022,0.36,14,NA,NA,0.66625,473.829,13.5,NA,14,1,1,334,236.0460428,165.2102543,132.5400915,106.7659606,68.60322784
6/3/2010 1:18,A,0.021,0.35,15,NA,NA,0.66625,473.829,13.5,NA,14,1,1,334,236.0460428,165.2102543,132.5400915,106.7659606,68.60322784
6/3/2010 1:23,A,0.021,0.35,16,NA,NA,0.66625,473.829,13.5,NA,14,1,1,334,236.0460428,165.2102543,132.5400915,106.7659606,68.60322784
6/7/2010 10:15,R,0.021,0.49,8,11.7,11.7,0.6725,487.2915,11.75,NA,14.6,1,1,334,410.4401501,347.1398205,240.4859163,172.1918065,96.12579965
6/7/2010 17:27,A,0.018,0.39,7,NA,NA,0.64125,422.878,12.2,NA,15,1,2,334,418.3293307,355.7593716,246.9659741,176.4706959,98.07815799
6/7/2010 18:18,A,0.013,0.42,12,NA,NA,0.63625,412.455,12.2,NA,15.1,1,2,334,418.1620999,356.4349113,247.6911223,176.985247,98.32360637
7/15/2010 10:20,R,0.007,0.27,4,9.86,9.86,0.36275,60.00025,10.525,NA,21.475,0,0,0,52.95993238,51.981195,63.69109409,91.38113385,115.9578879
8/9/2010 12:52,A,0.021,0.64,30,NA,NA,0.51575,211.2725,10.375,NA,29.65,0,0,0,263.6678863,246.9131701,181.4696753,144.6378467,136.7738204
8/9/2010 13:00,A,0.012,0.37,NA,NA,25.2,0.5145,209.609,10.85,NA,29.6,0,0,0,262.1289347,246.4686835,181.5929072,144.7752335,136.7902942
8/11/2010 11:32,A,0.006,0.23,12,NA,NA,0.5045,196.779,10.625,NA,28.3,0,0,0,213.7615436,225.2419254,184.3037194,149.5515086,137.2517102
8/11/2010 11:51,A,0.007,0.22,NA,NA,8.23,0.5045,196.779,10.625,NA,28.3,0,0,0,213.7615436,225.2419254,184.3037194,149.5515086,137.2517102
8/11/2010 14:32,A,0.007,0.31,12,NA,NA,0.504,196.1045,11.6,NA,28.3,0,0,0,212.408593,224.2611107,184.4760752,149.8562806,137.310812
8/14/2010 11:47,A,0.012,0.27,17,NA,NA,0.802,816.99525,10.65,NA,28.6,0,0,0,547.6830647,394.8426995,264.9242866,195.9530635,153.2756282
8/14/2010 11:56,A,0.011,0.32,NA,NA,18.6,0.802,816.99525,10.65,NA,28.6,0,0,0,547.6830647,394.8426995,264.9242866,195.9530635,153.2756282
8/14/2010 13:36,A,0.014,0.43,NA,NA,29,0.80225,817.0005,11.25,NA,29.2,0,0,0,562.8717145,404.8740384,269.762756,198.6487979,154.2688532
8/14/2010 14:47,A,0.007,0.27,10,NA,NA,0.79975,809.47975,11.45,NA,29.55,0,0,0,569.8921669,409.6949964,272.1273862,199.9731898,154.7583925
8/15/2010 14:32,A,0.008,0.26,12,NA,NA,0.77725,744.1495,11.1,NA,31.4,0,0,0,673.5444761,501.5919322,322.6534085,229.305289,166.0260394
8/18/2010 9:40,D,0.0145,0.425,13.5,NA,19.7,0.7795,751.2805,9.375,NA,42.25,0,0,0,897.7438969,747.2704248,481.7911367,326.6053298,205.6590696
8/19/2010 9:52,A,0.0025,0.42,13,NA,NA,0.726,611.94775,10.775,NA,47.3,0,0,0,780.1120085,727.1470427,500.4961911,344.1572748,214.7915081
8/19/2010 10:01,A,0.0025,0.44,NA,NA,10.7,0.7255,609.2035,11.15,NA,47.375,0,0,0,775.2465749,725.7417218,500.972733,344.7392543,215.1275215
8/19/2010 11:26,A,0.0025,0.4,NA,NA,12.1,0.72375,605.5565,11.5,NA,47.475,0,0,0,770.4158276,724.3096909,501.4312105,345.3121333,215.4611052
9/15/2010 10:15,R,0.009,0.51,8,NA,9.76,0.6125,368.131,14.975,NA,52.8,0,0,0,435.9862935,479.2329645,456.5070601,424.813241,316.8034497
9/15/2010 10:30,B,0.0025,0.005,0.5,NA,NA,0.6125,368.131,14.975,NA,52.8,0,0,0,435.9862935,479.2329645,456.5070601,424.813241,316.8034497
10/13/2010 11:20,R,0.008,0.42,7,9,9,0.445,127.62225,20.7,NA,38.7,0,0,0,155.9968849,177.3313385,198.2202589,250.1819507,317.7018992
11/2/2010 21:00,A,0.009,0.5,14,NA,NA,0.901,1255.412,20.675,NA,33.35,1,1,1282,109.7773449,82.87876143,90.91344886,137.2815729,261.1909716
11/2/2010 22:00,A,0.0025,0.68,NA,9.34,9.34,1.2045,2835.227,20.5,NA,33.425,1,1,1282,187.3656092,115.6735412,102.9364167,143.1210081,263.1111474
11/2/2010 23:20,A,0.0025,0.54,NA,13.9,13.9,1.22375,2961.26475,20.225,NA,33.075,1,1,1282,266.3331364,149.5793295,115.458901,149.2209106,265.1241089
11/3/2010 0:00,A,0.007,0.41,9,NA,NA,1.20625,2842.69175,19.85,NA,32.9,1,2,1282,339.677068,181.6683027,127.4070545,155.0510622,267.0486182
11/3/2010 3:00,A,0.007,0.4,0.5,NA,NA,1.138,2400.64975,18.65,NA,32.425,1,2,1282,522.815138,265.2480363,159.0910794,170.5628224,272.1676829
11/3/2010 6:00,A,0.02,0.41,2,NA,NA,1.07775,2045.70175,17.875,NA,31.9,1,2,1282,657.2757249,331.6115437,185.0732908,183.3561338,276.384497
11/3/2010 9:00,A,0.009,0.4,2,NA,NA,1.114,2256.5555,17.8,NA,31.025,1,1,1282,781.9189532,396.1200607,210.8830369,196.1485063,280.6219112
11/3/2010 12:00,A,0.011,0.4,1,NA,NA,1.095,2145.22925,17.75,NA,26.8,1,2,1282,900.5447047,460.2568281,237.0723558,209.2157523,284.9739126
11/3/2010 15:00,A,0.012,0.42,2,NA,NA,1.0495,1892.612,17.5,NA,23.2,1,2,1282,989.477218,513.6887402,259.7936153,220.6509466,288.7843771
11/3/2010 18:00,A,0.008,0.41,2,NA,NA,1.0115,1694.4425,17.45,NA,21.475,1,2,1282,1053.297241,557.6803121,279.4181859,230.6249656,292.1017272
11/3/2010 21:00,A,0.0025,0.43,10,NA,NA,0.97775,1528.8625,17.225,NA,20.8,1,2,1282,1096.946426,593.7834108,296.4382962,239.3673503,294.9645133
11/4/2010 0:00,A,0.0025,0.41,3,NA,NA,0.9555,1420.575,16.975,NA,20.4,1,2,1282,1126.258356,624.0432079,311.5418591,247.2090903,297.4769586
11/4/2010 3:00,A,0.0025,0.44,0.5,NA,NA,0.94175,1359.9015,16.75,NA,20.05,1,2,1282,1147.633584,650.8878534,325.5778482,254.5681129,299.8217691
11/5/2010 12:26,A,0.046,0.66,28,NA,NA,0.854,998.2835,16.6,NA,30.825,1,2,1282,1192.388574,845.2046481,451.2252065,323.7166301,320.1267435
11/5/2010 17:01,A,0.06,0.22,NA,71.2,71.2,0.85825,1013.9995,16.425,NA,30.975,1,1,1282,1166.29486,854.1036419,463.0993144,330.9150748,321.8676676
11/7/2010 9:46,A,0.053,0.47,20,NA,NA,0.82375,888.70275,15.9,NA,26.15,0,0,0,1060.425149,918.9677786,554.3910447,388.6316933,337.0912998
11/7/2010 10:36,A,0.046,0.5,18,NA,NA,0.8215,881.614,16.175,NA,26.1,0,0,0,1055.334742,918.5227008,555.824563,389.6909273,337.3907866
11/11/2010 11:35,R,0.022,0.45,17,18.2,18.2,0.7635,707.85675,23,NA,27.825,0,0,0,705.2089366,753.7451541,598.723946,443.6910724,346.2945009
11/20/2010 11:51,A,0.029,0.49,6,NA,NA,0.6255,391.8935,22.475,NA,34.7,0,0,0,508.612089,525.2723068,545.3625148,469.9246102,356.7475578
11/21/2010 10:56,A,0.027,0.39,4,NA,NA,0.5705,293.36775,22.35,NA,32.7,0,0,0,420.7095704,478.3590911,524.8705521,463.3596143,356.8574812
11/22/2010 8:51,A,0.029,0.43,59,NA,NA,0.53425,236.49175,21.975,NA,30.075,0,0,0,343.1831857,427.1764881,500.3326783,453.9568481,355.9946873
11/24/2010 12:31,A,0.027,0.43,18,NA,NA,0.47,154.28725,26.55,NA,29.9,0,0,0,214.4767536,313.998958,436.1466174,425.8078521,351.9884739
11/25/2010 12:06,A,0.045,0.49,8,NA,NA,0.4475,130.22575,27.45,NA,30.125,0,0,0,175.5412816,269.833694,406.2991048,411.3755212,349.5130932
11/26/2010 10:11,A,0.031,0.48,10,NA,NA,0.43175,114.448,26.55,NA,30.5,0,0,0,149.1629635,235.0821159,379.9525969,397.9657966,347.027386
12/1/2010 9:01,A,0.134,1.64,NA,NA,NA,1.0905,2123.8565,20.9,NA,31.475,1,1,581,385.8023461,276.7074112,325.0743055,360.5012927,336.671925
12/1/2010 11:11,A,0.037,0.74,NA,52.5,52.5,1.2445,3107.88275,20.9,NA,32.8,1,1,581,528.6103343,339.5292233,347.8317549,371.6060859,340.4782363
12/5/2010 10:36,A,0.09,0.61,NA,126,126,1.89775,9612.99925,20,NA,35.35,1,2,581,8479.323924,6583.179085,3586.865003,2155.155395,996.563302
12/7/2010 12:33,A,0.035,0.34,35,NA,NA,1.4065,4352.37375,21.75,NA,39.025,1,2,581,6698.401644,6513.928644,4172.893161,2614.289431,1211.497889
12/7/2010 15:33,A,0.036,0.62,15,NA,NA,1.37725,4115.506,22.475,NA,39.5,1,2,581,6490.788591,6432.121574,4173.232876,2624.758667,1218.91102
12/7/2010 18:33,A,0.048,0.67,26,NA,NA,1.3495,3892.8785,22.5,NA,39.725,1,2,581,6281.014213,6344.947887,4170.508924,2633.646222,1225.803144
12/7/2010 21:33,A,0.044,0.64,30,NA,NA,1.32325,3691.714,22.4,NA,39.875,1,2,581,6071.294213,6253.463639,4165.082377,2641.120792,1232.224983
12/8/2010 0:26,A,0.144,0.29,NA,1000,1000,1.29875,3511.05925,22.05,NA,40.05,1,2,581,5863.592844,6158.658806,4157.298931,2647.345513,1238.233891
12/8/2010 0:33,A,0.04,0.64,25,NA,NA,1.29875,3511.05925,22.05,NA,40.05,1,2,581,5863.592844,6158.658806,4157.298931,2647.345513,1238.233891
12/8/2010 3:33,A,0.043,0.64,27,NA,NA,1.28025,3365.53925,21.725,NA,40.35,1,2,581,5660.452309,6061.805546,4147.617567,2652.540801,1243.906353
12/8/2010 6:33,A,0.044,0.63,30,NA,NA,1.26075,3222.78725,21.5,NA,40.725,1,2,581,5461.910335,5963.152157,4136.128086,2656.74514,1249.251131
12/8/2010 9:33,A,0.04,0.81,23,NA,NA,1.24275,3092.103,21.65,NA,41.725,1,2,581,5268.971677,5863.354736,4123.074068,2660.073542,1254.302548
12/8/2010 12:33,A,0.039,0.6,26,NA,NA,1.2245,2964.84425,22.65,NA,43.075,1,2,581,5081.05274,5762.401508,4108.456364,2662.522022,1259.059514
12/8/2010 14:41,A,0.022,0.36,2,NA,NA,1.2125,2882.506,23.35,NA,43.25,1,2,581,4958.839218,5694.684219,4097.929332,2663.706117,1262.07863
12/8/2010 17:41,A,0.021,0.43,8,NA,NA,1.194,2758.52475,23.8,NA,43.475,1,2,581,4779.704459,5592.474338,4080.968143,2664.807494,1266.371156
12/8/2010 20:41,A,0.023,0.47,6,NA,NA,1.1765,2643.7825,23.9,NA,44.325,1,2,581,4605.508224,5489.647067,4062.662272,2665.124138,1270.374942
12/8/2010 23:41,A,0.017,0.47,6,NA,NA,1.16,2535.19875,23.9,NA,44.875,1,2,581,4436.544128,5386.524593,4043.14076,2664.716267,1274.10901
12/9/2010 2:41,A,0.019,0.47,6,NA,NA,1.14425,2438.06675,23.8,NA,45.3,1,2,581,4273.661823,5283.665058,4022.622628,2663.688224,1277.59815
12/9/2010 5:41,A,0.02,0.48,16,NA,NA,1.1305,2353.2315,23.6,NA,44.725,1,2,581,4116.688214,5181.197576,4001.171739,2662.069497,1280.855716
12/9/2010 8:41,A,0.03,0.47,13,NA,NA,1.1165,2270.33525,23.4,NA,43.65,1,2,581,3965.524983,5079.27544,3978.862294,2659.895815,1283.905814
12/9/2010 11:41,A,0.031,0.47,13,NA,NA,1.10075,2177.09375,23.7,NA,43.2,1,2,581,3819.748377,4977.909561,3955.717598,2657.177393,1286.756817
12/9/2010 14:41,A,0.032,0.46,10,NA,NA,1.088,2103.325,23.55,NA,44.475,1,2,581,3679.208426,4877.199982,3931.791809,2653.939509,1289.422076
12/9/2010 17:41,A,0.02,0.38,10,NA,NA,1.0735,2022.73875,23.575,NA,45.15,1,2,581,3543.902886,4777.312376,3907.165927,2650.220945,1291.916963
12/9/2010 20:41,A,0.025,0.46,10,NA,NA,1.06,1947.6215,23.375,NA,46.425,1,2,581,3413.350334,4678.195992,3881.840774,2646.02035,1294.237555
12/9/2010 23:41,A,0.03,0.36,41,NA,NA,1.38025,4388.4865,23.15,NA,45.025,1,1,581,3360.844646,4610.681848,3867.174444,2646.950083,1298.300152
12/11/2010 8:29,A,0.011,0.27,3,NA,NA,3.542,46252.85825,21.425,NA,43.3,1,2,581,55755.73958,31627.07224,14998.5389,8411.129074,3353.289571
12/11/2010 8:46,A,0.256,1.48,NA,442,442,3.542,46252.85825,21.425,NA,43.3,1,2,581,55755.73958,31627.07224,14998.5389,8411.129074,3353.289571
12/11/2010 11:29,A,0.01,0.38,1,NA,NA,3.25975,37256.8165,21.475,NA,34.25,1,2,581,54438.4363,31919.79254,15324.79081,8616.157003,3437.143525
12/11/2010 14:29,A,0.011,0.29,2,NA,NA,3.014,30366.0345,21.725,NA,30.15,1,2,581,52601.4475,31934.2382,15547.4707,8770.683836,3504.093559
12/11/2010 17:29,A,0.012,0.28,2,NA,NA,2.809,25490.0225,22,NA,26.925,1,2,581,50472.52072,31758.82663,15697.05197,8889.455137,3559.086913
12/11/2010 20:29,A,0.011,0.3,4,NA,NA,2.6265,21586.6535,22,NA,24.975,1,2,581,48166.20023,31438.77007,15788.7684,8979.772695,3604.553958
12/11/2010 23:29,A,0.008,0.27,2,NA,NA,2.46975,18540.939,21.9,NA,24.325,1,2,581,45781.4396,31015.08826,15836.69178,9048.414899,3642.761872
12/12/2010 2:29,A,0.012,0.3,1,NA,NA,2.34075,16234.0385,21.775,NA,24.5,1,2,581,43387.26468,30518.03931,15851.24772,9100.400347,3675.388646
12/12/2010 5:29,A,0.01,0.26,2,NA,NA,2.222,14269.58925,21.6,NA,25.225,1,2,581,41018.05626,29964.55158,15838.1906,9138.470528,3703.34347
12/12/2010 8:29,A,0.013,0.25,2,NA,NA,2.1145,12619.83525,21.5,NA,25.65,1,2,581,38701.70077,29369.38912,15802.61634,9165.059604,3727.429509
12/12/2010 11:29,A,0.009,0.25,2,NA,NA,2.01525,11205.5175,21.575,NA,25.7,1,2,581,36455.40639,28743.21499,15748.22475,9181.927738,3748.229514
12/12/2010 14:29,A,0.011,0.24,2,NA,NA,1.92825,10015.05325,21.825,NA,25.5,1,2,581,34292.53936,28095.30938,15678.29795,9190.640994,3766.258213
12/12/2010 17:29,A,0.012,0.25,2,NA,NA,1.85175,9030.69425,22.1,NA,25.625,1,2,581,32220.58098,27432.54273,15595.29551,9192.368507,3781.901934
12/13/2010 10:35,A,0.131,0.84,41,NA,NA,1.537,5540.14675,21.225,NA,28.1,1,2,581,22360.93042,23644.56639,14971.54532,9115.036854,3840.323368
12/13/2010 11:05,R,0.127,0.9,53,96.6,96.6,1.52225,5394.3705,21.35,NA,27.85,1,2,581,21877.92537,23427.11166,14929.59692,9107.247921,3842.611282
12/13/2010 13:35,A,0.131,0.83,30,NA,NA,1.49875,5173.436,21.725,NA,27.15,1,2,581,20943.70581,22996.12888,14844.84434,9091.024626,3846.948595
12/13/2010 16:35,A,0.124,0.81,30,NA,NA,1.45675,4787.91625,22.4,NA,26.675,1,2,581,19613.3125,22357.49788,14714.95014,9064.763651,3852.748086
12/13/2010 19:35,A,0.119,0.85,27,NA,NA,1.4185,4454.00075,22.8,NA,26.6,1,2,581,18363.70374,21728.80448,14582.07868,9036.353723,3857.74717
12/13/2010 22:35,A,0.116,0.84,28,NA,NA,1.38525,4176.733,22.9,NA,26.7,1,2,581,17193.57226,21111.99614,14447.12068,9006.230491,3862.090997
12/14/2010 1:35,A,0.097,0.79,29,NA,NA,1.35375,3924.138,22.8,NA,26.925,1,2,581,16099.49266,20508.00916,14310.60695,8974.654808,3865.869411
12/14/2010 4:35,A,0.089,0.79,20,NA,NA,1.325,3704.93825,22.625,NA,27.5,1,2,581,15076.71906,19917.05269,14172.80238,8941.757575,3869.130962
12/14/2010 7:35,A,0.097,0.79,12,NA,NA,1.299,3511.016,22.425,NA,28.125,1,2,581,14121.60024,19339.63068,14034.08097,8907.723451,3871.929742
12/14/2010 10:35,A,0.087,0.8,20,NA,NA,1.27325,3315.05775,22.4,NA,29.175,1,2,581,13230.062,18775.92705,13894.70099,8872.681712,3874.30674
12/14/2010 13:35,A,0.079,0.75,19,NA,NA,1.25075,3150.245,22.6,NA,31.1,1,2,581,12398.01285,18225.96034,13754.8572,8836.730745,3876.29163
12/14/2010 16:35,A,0.096,0.79,10,NA,NA,1.22825,2990.89475,23.025,NA,32.25,1,2,581,11621.89061,17689.82927,13614.77177,8799.983198,3877.919637
12/14/2010 19:35,A,0.091,0.78,14,NA,NA,1.206,2838.565,23.3,NA,33.075,1,2,581,10896.45744,17166.78811,13474.35209,8762.396547,3879.173973
12/15/2010 9:10,A,0.115,0.86,10,NA,NA,1.1275,2335.144,22.6,NA,36.75,1,2,581,8113.901007,14907.0363,12822.81407,8580.075649,3881.54519
12/15/2010 12:10,A,0.126,0.9,8,NA,NA,1.11275,2248.275,22.875,NA,37,1,2,581,7629.380006,14460.90299,12684.83307,8539.971063,3881.465615
12/15/2010 12:51,A,0.158,0.93,NA,79.4,79.4,1.11275,2248.275,22.875,NA,37,1,2,581,7629.380006,14460.90299,12684.83307,8539.971063,3881.465615
12/15/2010 15:10,A,0.126,0.89,16,NA,NA,1.0975,2159.387,23.325,NA,37.1,1,2,581,7177.767727,14027.41887,12547.5056,8499.552599,3881.194407
1/21/2011 9:20,R,0.034,0.54,22,15.5,15.5,0.62,381.38825,25.55,NA,22.875,0,0,0,414.481772,515.2303736,858.9765942,1865.82724,3057.662559
2/9/2011 12:30,R,0.034,0.54,20,20.4,20.4,0.726,610.7295,NA,NA,NA,0,0,0,694.3975127,593.6420817,538.1372912,981.804938,2567.966792
3/9/2011 10:25,D,0.022,0.51,9,10.5,10.5,0.354,54.632,22.375,NA,54.2,0,0,0,60.68600256,75.73928782,142.9074633,240.5083779,426.8157352
4/13/2011 9:40,R,0.008,0.4,6,8.68,8.68,0.39925,86.37425,15.675,NA,34.9,0,0,0,90.68760545,107.1665544,181.87065,226.1543369,267.5482406
5/12/2011 10:00,R,0.007,0.33,4,5.02,5.02,0.378,70.5335,11.2,NA,NA,0,0,0,77.65298381,78.45600891,78.91060993,103.3124478,155.541508
6/15/2011 10:45,R,0.011,0.71,7,13.1,13.1,0.499,189.3655,10.725,NA,17.85,0,0,0,202.8579495,287.2318298,380.1934757,323.2210645,223.8350372
6/16/2011 3:51,A,0.048,0.74,30,NA,NA,0.6265,446.66675,10.9,NA,17.875,0,0,0,207.2884674,273.3188491,367.9977301,318.9309582,220.9026034
6/16/2011 6:51,A,0.029,0.62,24,NA,NA,1.201,2804.1065,10.725,NA,17.9,1,1,259,399.0062876,352.4313394,396.0430867,333.1074419,225.567005
6/16/2011 9:51,A,0.034,0.61,29,NA,NA,1.22275,2954.5035,10.775,NA,18.05,1,1,259,608.1253406,443.0580582,429.0444626,349.8345531,231.1444132
6/16/2011 12:51,A,0.032,0.61,42,NA,NA,1.3375,3801.0425,11.05,NA,17.65,1,1,259,843.1661429,548.7754678,468.3696939,369.7987649,237.8666555
6/16/2011 15:51,A,0.029,0.65,26,NA,NA,1.369,4047.66575,11,NA,18.4,1,2,259,1108.809807,672.2178872,515.1526768,393.5881784,245.9402315
6/16/2011 18:51,A,0.048,0.76,23,NA,NA,1.3455,3861.80225,10.825,NA,18.425,1,2,259,1342.867301,787.2768309,559.8390841,416.4919093,253.7609899
6/16/2011 21:51,A,0.052,0.81,0.5,NA,NA,1.31275,3614.05425,10.5,NA,18.45,1,2,259,1537.948031,889.9563868,600.8610652,437.7249675,261.0617105
6/17/2011 0:51,A,0.063,0.86,35,NA,NA,1.28125,3373.07175,10.3,NA,18.3,1,2,259,1696.877509,980.5131935,638.1985947,457.2647587,267.8373638
6/17/2011 3:51,A,0.061,0.86,28,NA,NA,1.2505,3148.466,10.2,NA,20.35,1,2,259,1823.136804,1059.5784,671.9748212,475.1597614,274.1074438
6/17/2011 6:51,A,0.051,0.81,24,NA,NA,1.22625,2976.97475,10.1,NA,21.175,1,2,259,1923.274321,1129.186973,702.8392235,491.7188161,279.9725099
7/13/2011 9:55,R,0.015,0.4,1,6.64,6.64,0.46975,153.72425,8.35,NA,19.2,0,0,0,166.3510128,195.145762,328.2931148,427.3905904,395.103335
8/9/2011 9:45,R,0.018,0.33,5,9.17,9.17,0.67375,489.74625,9.875,NA,15.3,0,0,0,472.0965392,596.258881,825.2647219,820.5755892,693.2122263
8/20/2011 22:17,A,0.03,0.54,40,NA,NA,0.995,1614.5485,11.425,NA,20.525,1,1,495,816.2278527,606.8816395,614.6111589,684.2106446,709.7712946
8/21/2011 1:17,A,0.032,0.48,24,NA,NA,1.05525,1924.2305,11.2,NA,21.55,1,1,495,897.9202351,648.9940218,630.1046934,691.4890638,712.8134567
8/21/2011 4:17,A,0.03,0.44,21,NA,NA,1.10025,2176.377,11,NA,23.375,1,1,495,998.8509083,700.7134486,649.509362,700.7591135,716.5482715
8/21/2011 7:17,A,0.029,0.42,19,NA,NA,1.107,2215.423,10.8,NA,24.475,1,1,495,1099.350119,754.0120269,669.926067,710.597569,720.4932976
8/21/2011 10:17,A,0.038,0.46,21,NA,NA,1.11375,2254.143,11.1,NA,23,1,1,495,1193.402496,806.2293076,690.371697,720.5196759,724.483527
8/21/2011 13:17,A,0.036,0.48,20,NA,NA,1.14175,2422.66525,11.425,NA,20.8,1,1,495,1290.241709,861.0918669,712.2100641,731.200217,728.7490864
8/21/2011 16:17,A,0.034,0.48,21,NA,NA,1.15575,2510.6735,11.6,NA,20.25,1,1,495,1389.662928,918.5520141,735.4456413,742.6464041,733.293695
8/21/2011 19:17,A,0.037,0.52,19,NA,NA,1.16475,2567.0535,11.325,NA,20.5,1,1,495,1486.13025,976.2400142,759.2140052,754.4338901,737.9733076
8/21/2011 22:17,A,0.033,0.52,14,NA,NA,1.18025,2667.513,11.1,NA,20.65,1,1,495,1581.28287,1034.73144,783.7227994,766.6666444,742.8248545
8/22/2011 1:17,A,0.036,0.57,17,NA,NA,1.1985,2789.014,11.1,NA,21.325,1,1,495,1678.521783,1095.403815,809.4840082,779.6003113,747.9362788
8/22/2011 4:17,A,0.043,0.59,22,NA,NA,1.197,2779.73175,10.925,NA,22,1,2,495,1770.262972,1155.044694,835.3227361,792.6570726,753.1117656
8/22/2011 7:17,A,0.038,0.6,24,NA,NA,1.18825,2721.152,10.775,NA,22.675,1,2,495,1851.08838,1211.181338,860.3068497,805.3747243,758.1935134
9/14/2011 10:50,R,0.011,0.38,5,5.59,5.59,0.601,347.304,13.325,NA,34.075,0,0,0,350.8305753,364.234816,521.3281251,659.6814972,717.68197
10/12/2011 11:15,R,0.018,0.41,6,9.76,9.76,0.722,600.419,18.25,NA,21.275,0,0,0,720.4626192,598.2072787,443.941347,449.5603155,643.1355246
11/9/2011 10:15,R,0.02,0.57,12,11.9,11.9,0.3995,86.8,25.025,NA,29.5,0,0,0,96.65013124,110.765873,153.5271016,221.4230744,382.1055517
11/26/2011 19:27,A,0.028,0.55,36,NA,NA,0.95675,1434.95975,21.425,NA,12.725,1,1,1119,480.0950145,380.0287096,276.18778,242.7260923,256.9288464
11/26/2011 22:27,A,0.031,0.5,38,NA,NA,1.1045,2200.93925,20.775,NA,12,1,1,1119,613.1750621,440.1414741,299.8070964,254.6277516,260.8459317
11/27/2011 1:27,A,0.048,0.62,37,NA,NA,1.10525,2203.84525,20.475,NA,11.375,1,2,1119,745.3900881,502.5221195,324.7540107,267.2657457,265.0394112
11/27/2011 4:27,A,0.037,0.59,38,NA,NA,1.069,1999.891,20.05,NA,11.175,1,2,1119,855.8397268,558.1358554,347.688729,278.9885924,268.9416557
11/27/2011 7:27,A,0.047,0.69,36,NA,NA,1.02375,1758.142,19.625,NA,11.125,1,2,1119,936.8943131,603.1770342,367.1343194,289.0567186,272.2967076
12/13/2011 12:15,R,0.039,0.6,21,21.9,21.9,0.5985,343.2385,22.975,NA,17.9,0,0,0,382.6315584,402.8511932,456.1305413,423.2475504,344.5475438
